一下 我	67226
一下 你	65826
一下就 好	245283
一下很 开心	1000000
一两个 小时	210526
一个 人	260749
一个人 去	72538
一个人 看	36269
一个人 吃	31088
一个人的 时候	209302
一个人看 电影	769230
一个半 小时	939393
一个多 小时	721311
一个多 星期	163934
一个月 后	33898
一个月 前	31476
一个月 工资	31476
一个比 一个	900000
一个都 没有	320000
一些 人	72599
一些 事	35128
一件 事	244604
一件 衣服	64748
一件 事情	46762
一会 去	67164
一会儿 去	89171
一会儿 我	70063
一切 都会	161033
一切 都好	111332
一切 都会好	101391
一切 安好	61630
一切都 会	533980
一切都 会好	368932
一切都 好	184466
一切都 会好起来	165048
一切都会 好	703703
一切都会 好起来	314814
一半 我	39603
一双 发现美的眼睛	102564
一发 不可收拾	274509
一口 一个	85889
一句 话	417785
一句 是	41946
一句 你	35234
一句 我	31879
一只 手	87108
一只 小	69686
一块 去	97701
一块儿 去	333333
一堆 人	98958
一声 叹息	154471
一声 我	65040
一大 一小	98765
一大早 起来	93023
一套 衣服	54421
一定 可以	100
一定 需要	90
一定 要	80
一定 会	70
一定会 有	94890
一定会 好	65693
一定是 我	153846
一定要 去	120401
一定要 好好	36789
一定要 幸福	36789
一定要 看	33444
一定要 坚持	30100
一小 会儿	230769
一座 城	400000
一座 城市	266666
一张 图	63981
一张 照片	63981
一张 敬业	52132
一张 你	30805
一手 好	491228
一把 年纪	125827
一本 小说	96385
一本正经 的胡说八道	250000
一条 裤子	58593
一条 好汉	50781
一条 路	46875
一杯 咖啡	104761
一样的 队友	85714
一段 感情	207100
一段 日子	47337
一点都 不像	64327
一点都不 像	122222
一生 平安	274285
一直 都是	36990
一直 想	32209
一直 是	30699
一直以为 你	230769
一直很 喜欢	160000
一直想 去	327272
一直都 是	262222
一直都 有	48888
一眼 就看到	97142
一眼 看到	80000
一眼 就看到你	45714
一眼就 看到	450000
一碗 面	147058
一篇 文章	255813
一线 城市	358974
一群 人	350649
一股 清流	285714
一般 都是	72529
一般 人	67996
一般 是	46237
一般都 是	515151
一起 吃饭	100
一起 出发	90
一起 看看	80
一起 讨论	70
一起去 看	172413
一路 走好	138248
一路 走来	59907
一路 人	46082
一路走 好	857142
一身 黑	107526
一边 去	157480
一边 说	55118
一边 吃	43307
一边 看	35433
一边 儿	31496
一遍 我	66115
一道 闪电	405405
一部 电影	184397
一顿 火锅	72368
一顿 就好	52631
一颗 心	88235
万分 感谢	407407
万能 的热水	181818
三世 十里桃花	480000
三世十里 桃花	1000000
三个 人	112994
三个 字	99811
三个 小时	80979
三倍 工资	666666
三只 松鼠	458333
三四个 小时	571428
三块 钱	473684
三年 前	95454
三年 以上	72727
三年 以上的有	45454
三年以上 的有	615384
三年以上的 有	666666
上 我	40526
上不 去	500000
上升 到	333333
上午 开会	100
上午 出发	90
上午 安排	80
上午 确认	70
上去 让	87557
上学 的时候	106837
上学 好	38461
上学 去	34188
上次 去	101724
上次 我	67241
上次 你	34482
上次 那个	31034
上班的 人	347826
上课 的时候	35196
上课的 时候	727272
上面 有	97014
上面 是	33582
下 一个	41469
下 我	39988
下个 周末	244897
下午 好	100
下午 见	90
下午 开始	80
下午 出发	70
下来 你	56470
下次 去	70175
下次 我	58795
下次 来	53579
下次 一起	34613
下次 你	33191
下次一定 要	421052
下次一起 去	457142
下次再 来	237288
下次再 去	203389
下次带 我	500000
下次我 给你	164705
下次我 去	117647
下次我 要	105882
下次我们 一起	400000
下次我给 你	1000000
下次有 机会	777777
下次给 你	571428
下次请 你	346153
下班 回家	39325
下的 那么	137931
下载 好	55555
下载 一个	49382
下雨 了	100
下雨 以后	90
下雨 之前	80
下雨 注意	70
下面 有	66115
下面 是	45454
下面 给你吃	41322
下面 那	33057
下面 那个	33057
不 知道	122219
不一定 要	168831
不一定 是	116883
不下 心	163934
不久 的将来	169811
不也 是	500000
不了 你	50829
不了 我	43568
不仅 是	147826
不仅 要	69565
不仅仅 是	666666
不会 是	35100
不会 有	32611
不会告诉 你	909090
不会的 不会	344827
不住 我	147058
不住 自己	100000
不住 我自己	52941
不住 你	47058
不信 你	426666
不像 你	220779
不像 我	168831
不光 是	390243
不再 是	202312
不再 是你	57803
不再 见	46242
不准 我	79136
不到 你	73604
不到 我	65143
不及 你	450000
不叫 我	511627
不可 描述	111111
不可 辜负	87301
不可 说	63492
不吃 东西	45783
不同 的人	31250
不听 不听	423076
不告诉 你	862500
不告诉 我	100000
不和 你	526315
不和 我	140350
不喜欢 你	100529
不喜欢 吃	68783
不喜欢 我	47619
不回 我	212765
不在 我	67669
不多 说	419354
不够 好	35971
不够 吃	34172
不够 爱	30575
不太 清楚	100000
不太 喜欢	90909
不好 听	36251
不好 说	34199
不好意思 我	136815
不好意思 说	79601
不如 你	76923
不如 买	35164
不如 去	35164
不如 我们	35164
不如 我	30769
不少 钱	73825
不少 人	60402
不就 好	141176
不带 我	340136
不带 你	122448
不带 这样	115646
不带 这么	88435
不应该 是	375000
不得 你	43478
不得不 说	321100
不得不 承认	100917
不忍 直视	900000
不怎么 好	104046
不怎么 喜欢	75144
不怎么 会	46242
不怎么 吃	46242
不怕 我	83333
不怕 你	67204
不急 不急	650000
不惊喜 意不意外	1000000
不惊喜意 不意外	1000000
不想 去	57037
不想 吃	39558
不想 看	35418
不想 说	35418
不想和 你	736842
不想跟 你	642857
不愧 是	911111
不愧 是我	200000
不愧是 我	347826
不我 要	152542
不我 是	135593
不找 我	370370
不接受 反驳	500000
不敢 看	71691
不敢 去	50551
不敢 吃	45036
不敢 说	44117
不敢 想	38602
不早 说	812500
不明白 你	272727
不易 你	85714
不是 我	79463
不是 你	42034
不是 说	34293
不是一个 人	393939
不是你 想	123809
不是很 正常	141176
不是我 说	68807
不是我 是	36697
不是每个 人	769230
不是说 你	94017
不是跟 你	833333
不晓得 你	121212
不服 来	108108
不来 找我	86538
不来找 我	1000000
不止 我一个	139705
不止 一个	95588
不止 是	80882
不止 你	66176
不止 眼前	58823
不然 我	126811
不然 你	76086
不然 怎么	49516
不然 会	35024
不然怎么 会	322580
不爱 你	222222
不爱 吃	148148
不爱 我	133333
不理 我	463576
不理 你	274834
不理 他	59602
不用 上班	46926
不用 担心	33707
不留 遗憾	281250
不看 你	109589
不知 该	62500
不知 你	48076
不知 是	48076
不知 怎么	43269
不知道 为什么	80116
不知道 你	63364
不知道 怎么	41514
不知道 是不是	32774
不知道 我	31318
不知道为什么 总有一种	166666
不知道什么 时候	741935
不知道会 不会	800000
不知道是 谁	235294
不知道能 不能	828571
不知道说 什么	846153
不算 是	37209
不管 你	107981
不管 我	103286
不管 是	73552
不管 怎么样	48513
不管 什么	39123
不管 别人	32863
不管别人 怎么说	714285
不管别人怎么 说	909090
不约 我	297297
不经意 间	434782
不给 你	250000
不给 我	235294
不给 力	102941
不肯 委屈	142857
不能 吃	62698
不能 说	37272
不能吃 辣椒	310344
不行 我	66217
不行我 要	275862
不要 这么	31041
不要告诉 我	827586
不要告诉 我你	275862
不要告诉我 你	400000
不要在意 这些细节	370370
不要在意这些 细节	909090
不要学 我	900000
不要把 我	285714
不要给 自己	416666
不要给 我	333333
不要老 是	846153
不要让 我	358974
不要诱惑 我	800000
不要说 出来	333333
不要跟 我	647058
不要这 样子	1000000
不要这么 说	200000
不要问 我	705882
不见 你	226277
不见 我	43795
不认识 你	179775
不让 我	223529
不让 你	124705
不让 人	98823
不让 进	40000
不让 他	30588
不许 笑	104347
不许 你	69565
不许 我	69565
不该 说	66225
不该 看	59602
不请 我	421052
不跟 你	608108
不过 我	163903
不过 你	62558
不过不 知道	310344
不过你 这	66666
不过我 是	58375
不过我 觉得	58375
不过我 现在	35532
不过话 说	1000000
不过还是 谢谢	121621
不过这 是	195121
不适合 你	261904
不都 是	516129
不问 我	333333
与 你	127214
与 我	66022
与 人	45088
专门 去	78313
且 珍惜	255172
且 行且珍惜	131034
且行 且珍惜	1000000
世界 上	170454
世界 和平	32954
世界上 有	150943
世界那么 大	923076
东北 人	282857
东北 话	74285
东方 卫视	160000
丝毫 没有	363636
两个 人	170588
两个 字	70588
两个 小时	60130
两天 去	34883
两天 我	34883
两家 人	347826
两年 前	103703
两年 后	48148
两张 敬业	148648
严肃 脸	339285
严重 怀疑	33057
个人 觉得	121621
个头 像	268656
个子 高	372093
中午 吃饭	100
中午 休息	90
中午 见	80
中午 回来	70
中年 少女	257142
中毒 太深	227272
中毒太 深	1000000
中秋 快乐	533057
中秋 国庆	37190
中秋节 快乐	648148
中间 那个	92485
中间 有	75144
中间 那	69364
临时 决定	171428
为 你	254823
为 我	67864
为 自己	66533
为了 你	48885
为了 让	31732
为了 自己	30017
为什么 需要	100
为什么 没有	90
为什么 不能	80
为什么 这样	70
为什么一定 要	818181
为什么不 去	73684
为什么不 来	42105
为什么会 有	230769
为什么你 这么	67114
为什么你 要	60402
为什么我 没有	62500
为什么我 觉得	48611
为什么我 看	31250
为什么没 人	354838
为什么没有 我	191489
为什么要 去	45662
为什么要 这样	41095
为什么这么 说	305555
为什么都 是	307692
为何 要	90909
为何 你	72727
为何 如此	63636
为何 我	54545
为你 打	183908
为啥 我	97197
为啥 要	82311
为啥 你	42031
为啥 这么	33274
为难 自己	416666
主 是	49261
主动 的是	102150
主动 联系	80645
主动 去	64516
主动 找	64516
主动的 是	1000000
主要 是	564479
主要 是我	56561
主要 看	30542
主要是 我	137614
主要是 你	51987
举报 你	230769
之前 已经	100
之前 说过	90
之前 确认	80
之前 检查	70
之前都 是	533333
之后 可以	100
之后 继续	90
之后 再说	80
之后 确认	70
也 可以	100
也 需要	90
也 已经	80
也 有	70
也不 知道	307517
也不 说	47835
也不 一定	36446
也会 有	125000
也只有 你	380952
也可能 是	555555
也太 好看	157894
也希望 你	380952
也并 没有	900000
也很 好	82352
也很 好吃	76470
也很 好看	70588
也很 美	64705
也想 你	196721
也懒得 接受别人	800000
也懒得接受 别人的追求	1000000
也是 我	98250
也是 一种	43068
也是没 谁	733333
也有 可能	140540
也有 很多	86486
也有 可能是	70270
也有 道理	43243
也有可能 是	684210
也没 见	72519
也没 说	57251
也没 人	45801
也没 买	34351
也没 办法	30534
也没 见你	30534
也没见 你	444444
也爱 你	857142
也给 我	523809
也要 去	60606
也要 注意	54545
也许 是	152815
也许 你	56300
也许 会	50938
也许 有	34852
也都 是	380952
习惯 就好	61224
书 看	34050
书 我	32258
书 里	30465
买 到	45900
买了 一个	41493
买点 东西	166666
买的 时候	124087
买的 是	58394
了解 一下	359805
了解 我	118314
了解 你	55105
了解 下	32414
事 我	32585
事儿 我	43243
事实 是	126760
事实 就是	98591
事实 说话	77464
二人 世界	764705
于 我	66666
于 江湖	56410
于 你	41025
于 心	41025
于是 我	388888
亏待 自己	500000
互相 伤害	208333
互相 喜欢	120833
互相 关注	100000
互相 喜欢的人	54166
五个 人	193548
五个 字	118279
五个 小时	96774
五年 前	131578
五月 初	134328
交期 已经	100
交期 确认	90
交期 可以	80
交期 调整	70
交流 下	103448
交给 你	452631
交给 我	147368
产品 资料	100
产品 规格	90
产品 质量	80
产品 价格	70
产生 幻觉	179487
产生 美	128205
享受 生活	93959
享受 一下	36912
享受 你	36912
亮点 是	153846
亲 你	171270
亲 我	79189
亲 们	53406
亲爱 的你	79075
亲爱 的我	32846
亲爱的 你	286458
亲爱的 我	109375
亲自 去	147540
亲这 是	1000000
人与 人	900000
人品 好	139534
人品 大爆发	62015
人品 爆发	62015
人多 作怪	125000
人家 是	51684
人家 说	31939
人家都 说	153846
人才 会	200000
人才 是	120000
人才 能	93333
人更 美	888888
人生 就是	52795
人生 中	37267
人生若 只如初见	1000000
人生若只 如初见	1000000
人缘 好	500000
人群 中	425531
人都 是	241379
人都 有	103448
人间 有	144444
什么 时候	100
什么 问题	90
什么 情况	80
什么 地方	70
什么时候 来	74332
什么时候 回	49941
什么时候 回来	45296
什么时候 去	41811
什么时候 能	41811
什么时候回 学校	285714
什么时候的 事	550000
什么样 的人	51792
什么样 的男生	31872
什么跟 什么	1000000
什么都 是	75000
什么都 可以	60000
什么都 没有	60000
什么都 有	50000
什么都 会	45000
什么都 不想	40000
仅仅 是	594594
今 早	519230
今天 上午	100
今天 下午	90
今天 晚上	80
今天 开始	70
今天不 上班	266666
今天也 是	567164
今天也 是我	328358
今天也 是我生日	208955
今天也是 我	647058
今天也是 我生日	411764
今天你 生日	126984
今天又 是	197183
今天好 热	285714
今天我 生日	165644
今天才 知道	225000
今天是 我	214285
今天是 你	71428
今天是 什么	63492
今天的 你	92592
今天的 我	83333
今年一定 会	785714
今晚 我	51801
今晚 要	33783
介意 我	228571
介绍 一下	100
介绍 产品	90
介绍 方案	80
介绍 功能	70
介绍给 你	555555
仍 是	325000
仍然 是	236842
从 你	41477
从 我	34348
从 哪里	32404
从不 主动	80808
从今天 开始我	700000
从今天开始 我	736842
从前 有	224489
从来 没有	293969
从来 都是	62814
从来不 会	100000
从来不 是	56250
从来不 看	56250
从来不 说	50000
从来都 是	307692
从没 见	188405
从现在 开始	727272
仔细 看	384105
仔细 看看	165562
仔细 想想	79470
他 说	100
他 已经	90
他 正在	80
他 可能	70
他也 是	144736
他们 已经	100
他们 正在	90
他们 可以	80
他们 觉得	70
他们都 是	240506
他们都 说	139240
他可能 是	285714
他和 你	242424
他和 我	242424
他是 我	86330
他是 你	57553
他比 我	615384
他给 我	409090
他说 他	232258
他说 我	64516
他说 你	51612
付款 已经	100
付款 安排	90
付款 方式	80
付款 时间	70
仙女 你	45945
仙女 是	35135
仙女 本人	32432
代表 我	87649
代表 你	71713
代表 不了	35856
代表 什么	31872
代表 他	31872
代表 别人	31872
以 我	80385
以 你	77170
以上 的有	125000
以下 全是	211538
以下 都是	153846
以为 你	318448
以为 是	153811
以为 我	94271
以为 你是	35182
以前 我	44678
以前 是	34165
以前都 是	437500
以后 可以	100
以后 再说	90
以后 使用	80
以后 继续	70
以后会 有	191489
以后有 机会	612903
以后有 机会去	129032
以后有机会 去	235294
以后还 会	560000
以后还 会有	360000
以后还会 有	692307
价格 可以	100
价格 已经	90
价格 比较	80
价格 确认	70
任 你	157894
任何 一个	59405
任何 事	56105
任何 问题	42904
任何 事情	33003
任何 时候	33003
仿佛 看到	228346
仿佛 听到	78740
休息 一下	100
休息 好了	90
休息 以后	80
休息 时间	70
优秀 的人	124497
优秀的 人	290322
伙食 不错	277777
会 有	85089
会 不会	59383
会一直 支持	347826
会不会 是	71090
会不会 有	42654
会员 可以	65868
会好 起来	253731
会想 你	733333
会有 机会	65656
会的 会	592592
会让 你	391304
会议 时间	100
会议 已经	90
会议 开始	80
会议 结束	70
会越来越 好	750000
传授 一下	243243
传播 正能量	190476
传给 你	560000
传给 我	320000
传说 中	813793
伤害 我	97087
伤害 你	82524
伤害 了我	72815
伤害 到	48543
伤害 别人	43689
伤心 死	67510
估计 是	138554
估计 你	62500
估计 我	51204
估计 要	39156
估计 会	30873
估计也 是	363636
似乎 是	117117
但 我	157429
但 你	49799
但不 知道	272727
但也 是	111111
但你 要	100000
但愿 你	99099
但愿 我	81081
但愿 能	81081
但我 觉得	64406
但我 喜欢	30508
但我 是	30508
但是 可以	100
但是 需要	90
但是 现在	80
但是 还有	70
但是不 知道	263157
但是我 觉得	55172
但是我 现在	32183
但是能力 有限	1000000
但是还是 希望	183673
但还是 要	162500
位置 已经	100
位置 确认	90
位置 如下	80
位置 合适	70
低 的人	46218
住 的地方	42342
住 我	30630
住的 地方	310344
体会 到	398305
体会 不到	76271
体现 出来	150943
体育 生	200000
体验 一下	175000
体验 下	50000
何况 你	148148
何尝 不是	666666
何止 是	416666
何苦 为难	380952
作 死	200000
作业 写	62015
作业 写完	34883
作业 太少	34883
作为 一个	384892
你 可以	100
你 好	90
你 觉得	80
你 需要	70
你一个 人	610000
你一个 人去	110000
你一个人 去	234042
你一定 是	281481
你一定 要	274074
你一定 会	148148
你一直 都是	116279
你一直 是	104651
你一直都 是	384615
你不 知道	138175
你不 说	77945
你不 觉得	50487
你不 说我	44286
你不 爱我	42515
你不 喜欢	36315
你不也 是	454545
你不会 是	166666
你不回 我	600000
你不在 我	156862
你不早 说	928571
你不是 说	91250
你不是 一个人	86250
你不是 要	55000
你不是 有	42500
你不是 去	31250
你不是一个 人	971830
你不是要 减肥	225000
你不是要 去	200000
你不是说 你	296875
你不爱 我	813559
你不理 我	846153
你不用 上班	181818
你不知道 我	196581
你不要 这样	55555
你不说 我	632911
你个 大	79207
你为什么 要	160305
你为什么 这么	91603
你为什么 会	68702
你为什么 那么	30534
你为啥 要	144578
你之前 不是	257142
你也 是	300732
你也 要	62637
你也 可以	50915
你也不 知道	132352
你也会 有	386363
你也很 美	177777
你也早点 休息	900000
你也是 我	46610
你也要 加油	136690
你也要 快乐	100719
你也要 好好	86330
你也要 幸福	79136
你也要 注意	71942
你也要 开心	57553
你买 到	51724
你什么 时候	739130
你什么 事	86956
你什么 时候回来	59496
你什么 时候去	43478
你什么 意思	41189
你什么 时候来	38901
你什么 时候回	32036
你什么时候 回来	87542
你什么时候 去	63973
你什么时候 来	57239
你什么时候 回	47138
你什么时候 放假	37037
你什么时候 走	37037
你什么时候 回家	33670
你今天 去	49107
你今天 是	49107
你今天 怎么	40178
你今天 晚上	35714
你从 哪里	280000
你从 哪	160000
你以为 我	237209
你以为 你	181395
你以为 你是	60465
你以为 我是	37209
你以为 是	37209
你以为我 是	166666
你们 可以	100
你们 需要	90
你们 今天	80
你们 一起	70
你们也 要	175824
你们也 是	142857
你们什么 时候	760869
你们去 哪	230769
你们在 哪里	169230
你们在 一起	138461
你们在 哪	123076
你们女生 喜欢	257142
你们是 怎么	112149
你们是 去	102803
你们真 好	478260
你们这 是	594594
你们这些 人	312500
你们都 是	152610
你们都 好	48192
你们都 有	36144
你会 不会	109263
你会 发现	64133
你会 有	35629
你伤害 了我	785714
你伤害了 我	1000000
你住 哪	148148
你倒 是	898305
你倒 是来	169491
你倒是 来	243902
你值得 拥有	920634
你做 什么	100840
你先 去	91549
你先 来	84507
你先 说	84507
你先 告诉我	56338
你先告诉 我	1000000
你再 看看	75000
你准备 去	173913
你减肥 成功	400000
你别 告诉我	66115
你别告诉 我	1000000
你到底 是	250000
你去 哪	97281
你去 哪里	72961
你去 看	61516
你又 去	86698
你又 不是	78384
你又 要	41567
你又不 来	145631
你又不是 不知道	145454
你又去 哪	166666
你又要 去	360000
你叫 我	301587
你叫 什么	206349
你可 别	195121
你可 真是	73170
你可以 去	105047
你可以 试试	40927
你可以 来	34106
你可以去 看看	187500
你可能 是	125000
你吃 什么	46511
你听 谁	195121
你告诉 我	862745
你和 我	233333
你和 你	144444
你和 谁	88888
你和 他	77777
你和 我说	44444
你和我 说	222222
你哪 来	130841
你哪 只眼睛	102803
你哪 有	74766
你哪只 眼睛	916666
你啊 你	392857
你喜欢 吃	97560
你喜欢 我	87804
你喜欢 就好	68292
你喜欢 的人	53658
你喜欢 什么	39024
你喜欢就 好	823529
你喜欢的 人	366666
你回 学校	207207
你回来 我	96446
你在 哪	137203
你在 哪里	91688
你在 说	71240
你在 说什么	39577
你在 我	37598
你在做 什么	500000
你在哪 上班	96153
你在哪里 上班	174603
你在想 什么	533333
你在我 心里	339285
你在说 什么	638297
你在说 我	138297
你在说 你	117021
你多 大	315384
你多 高	161538
你多 吃	138461
你大概 是	360000
你太 可爱	85714
你太 有	71428
你太 厉害	50000
你太 美	42857
你太 会	39285
你太 忙	35714
你太 幸福	32142
你头像 是	244444
你好 请问	100
你好 很高兴	90
你好 最近	80
你好 谢谢	70
你好久 回来	179104
你好意思 说	531250
你好我 是	395348
你家 有	31630
你家在 哪	379310
你对 我	301204
你对 自己	108433
你就 说	65246
你就 不能	55925
你就 知道	51930
你就是 我	102564
你就说 你	300000
你居然 是	31645
你居然不 知道	360000
你已经 是	55813
你已经 不是	51162
你已经 有	41860
你带 我	246575
你应该 说	128027
你应该 是	58823
你应该 去	38062
你应该 庆幸	34602
你开心 就好	738738
你开心就 好	1000000
你当 我	408163
你很 有	140243
你很 喜欢	79268
你很 优秀	60975
你很 好	48780
你很 有眼光	48780
你很有 眼光	347826
你快 回来	280851
你快 来	144680
你快 去	140425
你怎么 知道	155371
你怎么 这么	63636
你怎么 知道我	43801
你怎么 能	41322
你怎么 那么	39669
你怎么不 说	214953
你怎么不 去	74766
你怎么可以 这么	444444
你怎么知道 我	477477
你怎么知道 我是	72072
你怎么能 这么	190476
你怕 是	652777
你想 我	52346
你想 吃	48736
你想 说	43321
你想 去	39711
你想 表达什么	34296
你想表达 什么	904761
你想要 什么	346153
你想说 什么	500000
你意思 是	400000
你才 是	422535
你才 知道	81690
你才 发现	47887
你打 我	272727
你找 我	132352
你把 我	245454
你把 你	95454
你把 他	40909
你把 头发	36363
你把 自己	36363
你教 我	666666
你早 说	521739
你早点 休息	400000
你明天 去	73394
你明天 来	73394
你是 我	46990
你是 谁	42484
你是 要	33472
你是 说	33150
你是不 知道	307692
你是不是 想	54794
你是不是 要	45662
你是不是 有	38812
你是不是 觉得	31963
你是做 什么	428571
你是哪里 人	450000
你是在 说我	139705
你是在 哪里	66176
你是怎么 做到	191780
你是怎么 找到	123287
你是想 说	302631
你是想 我	105263
你是想 让	105263
你是我 的小	120300
你是我 见	75187
你是条 汉子	900000
你是来 搞笑	307692
你是说 我	270588
你是说 你	117647
你晓得 我	555555
你更 美	185185
你最 可爱	202380
你最 喜欢	178571
你最 喜欢谁	95238
你最 爱	83333
你最喜欢 谁	551724
你最近 怎么样	174825
你最近 怎么	87412
你最近 是	45454
你最近 咋样	34965
你最近 忙	31468
你有 什么	95779
你本来 就是	253968
你本来 就很美	222222
你本来就 很美	451612
你来 我	81135
你来 找我	38539
你来 你	34482
你来不 来	1000000
你来了 我	263157
你来找 我	1000000
你果然 是	305555
你比 我	678571
你永远 是	229166
你没 看	91863
你没 发现	81364
你没 看到	41994
你没 去	36745
你清醒 一点	833333
你爱 我	223529
你爱 吃	105882
你爱 上	94117
你爱 谁	94117
你现在 是	97363
你现在 在哪	62880
你现在在 哪	418918
你现在在 哪里	135135
你现在才 知道	642857
你用 的什么	117021
你用 什么	106382
你用的 什么	440000
你的头像 是	191489
你的心 在我	344827
你的意思 是	775510
你看 你	218253
你看 我	198412
你看到 我	227272
你看看 你	383720
你看看 我	104651
你真 好	113970
你真 可爱	88235
你真 会	62500
你真 美	51470
你真 有	47794
你真 聪明	47794
你真 要	36764
你真 好看	33088
你真的 是	219230
你真的 好	80769
你真的 要	42307
你知道 我	239234
你知道 我是谁	40669
你知道就 好	833333
你知道我 是谁	180851
你确定 你	283687
你确定 是	120567
你确定 不是	92198
你确定 要	63829
你竟然 去	51282
你笑 死	216216
你等 我	107142
你管 我	567567
你约 我	588235
你给 我	708474
你给 他	44067
你给 我买	44067
你给 我介绍	37288
你给 你	30508
你给 我说	30508
你给我 买	76470
你给我 介绍	64705
你给我 说	52941
你绝对 是	642857
你美 你	380952
你美 你说	238095
你老 是	150000
你肯定 是	245283
你能 不能	193650
你能 告诉	31746
你能告诉 我	900000
你自己 去	88815
你自己 说	78947
你若 安好	500000
你行 你	482758
你被 我	123076
你要 去	89324
你要 不要	71895
你要 来	40668
你要不要 来	116883
你要不要 这么	116883
你要去 哪里	200000
你要去 哪	161904
你要相信 我	360000
你要笑 死我	882352
你要给 我	722222
你要请 我	857142
你觉得 我	162454
你觉得 你	97472
你觉得 我会	43321
你认识 我	254901
你让 我	607142
你该 不会	120481
你说 你	90429
你说 我	87415
你说 什么	44461
你说 的是	43707
你说了 我	333333
你说是 就是	307692
你说的 是	166666
你说的 我	94827
你说的 好	43103
你请 我	694444
你请 我吃饭	125000
你请我 吃饭	272727
你跑 到	163934
你跟 我	397260
你跟 我说	116438
你跟 他	89041
你跟 谁	89041
你跟 你	54794
你跟我 说	320754
你过来 我	217391
你还 会	53264
你还 能	41237
你还 想	36082
你还 记得	35223
你还不 睡觉	171875
你还不 来	125000
你还好意思 说	600000
你还是 不要	32786
你还是 别	32786
你还是 好好	32786
你还有 我	85937
你还没 回来	126126
你还记得 我	548387
你这 是	385993
你这 是要	53745
你这个 人	79872
你这个 是	44728
你这么 说	183673
你这么 美	61224
你这么 说我	44897
你这么 快	40816
你这么 早就	36734
你这么 可爱	32653
你这么说 我	282051
你这是 要	185393
你这是 什么	64606
你这是 去	36516
你这样 说	170731
你这样 会	91463
你这样 我	60975
你这样 不好	54878
你这样 会失去	54878
你这样 是	48780
你这样会 失去	692307
你这种 人	431372
你这话 说	363636
你送 我	636363
你那 是	270270
你那 有	43243
你那么 美	247191
你都 是	52401
你都 不知道	33478
你都不 知道	193277
你都不 来	126050
你都不 知道我	92436
你问 我	219512
你难道 不知道	155172
你难道不 知道	562500
你需要 一个	250000
佩服 你	250000
佩服 我	66666
佩服 你们	50000
佩服 自己	44444
使 我	321100
使 人	123853
使 你	91743
使 我丑陋	73394
使 我快乐	50458
使 我面目全非	36697
例如 这个	100
例如 可以	90
例如 产品	80
例如 今天	70
依旧 是	115384
依然 是	95238
依然 爱你	63492
依然 没有	35714
依然爱 你	1000000
侮辱 我	213114
便宜 了谁	50000
便是 晴天	365853
保佑 你	383561
保佑 我	328767
保存 文件	100
保存 记录	90
保存 设置	80
保存 结果	70
保护 好	203703
保护 你	177777
保护 好自己	111111
保护 我	100000
保护 自己	74074
保护 动物	37037
保护好 自己	700000
保持 好	90534
保持 微笑	57613
保持 住	41152
保持 好心情	32921
保持 距离	32921
保持 队形	32921
保留 原文	100
保留 设置	90
保留 历史	80
保留 记录	70
保证 你	185185
保证 我	92592
保重 身体	595238
信 你	150916
信 我	70521
信号 不好	131313
信息 已经	100
信息 确认	90
信息 如下	80
信息 完整	70
修复 屏障	186440
修改 一下	100
修改 配置	90
修改 内容	80
修改 方案	70
倒 是	553691
倒 是想	44742
倒是 你	102564
候选 已经	100
候选 显示	90
候选 数量	80
候选 顺序	70
借给 你	538461
借给 我	230769
值得 拥有	174840
值得 去	40511
值得 你	31982
假期 愉快	94155
假期 快乐	64935
假装 自己	65789
假装 是	59210
假装 不知道	52631
做 什么	55026
做个 好	339622
做了 什么	197183
做人 要	155963
做好 自己	184738
做好 准备	152610
做好 自己就好	36144
做好 朋友	32128
做我 女朋友	538461
做梦 去	35294
做梦 都想	35294
做梦 一样	31372
做梦 我	31372
做自己 想做	250000
做自己 喜欢	178571
做自己想 做	1000000
健康 快乐	125000
健身 教练	95238
偶像 包袱	135416
偶尔 吃	56426
偶尔 会	47021
偶尔 来	43887
偶尔 有	31347
偷偷 告诉	144981
偷偷 告诉你	96654
偷偷 看	63197
偷偷 去	52044
偷偷 告诉我	40892
偷偷告诉 你	733333
傍晚 出发	100
傍晚 见	90
傍晚 回来	80
傍晚 散步	70
像 你	167207
像 我	138026
像 你一样	31496
像你 这种	288461
像你 这样	211538
像你 一样	173076
像我 这种	297619
像我 这样	214285
像我 一样	178571
像我们 这种	421052
儿 你	31775
儿子 是	33557
允许 你	261194
允许 我	126865
元宵 快乐	500000
元宵节 快乐	800000
元旦 快乐	337142
元气 满满	444444
元气 满满的	277777
兄弟 你	109589
兄弟 我	54794
充实 自己	171052
充满 阳光	83333
充满 正能量	75757
充满 电	60606
充电 的时候	115942
先 确认	100
先 检查	90
先 准备	80
先 保存	70
先把 你	300000
光 看	52493
光 吃	31496
光头 强	200000
光线 好	156862
克制 自己	166666
全 是	449804
全世界 最好	73863
全世界 路过	56818
全国 各地	144329
全部 是	32653
全都 是	363636
八个 人	190476
八成 是	473684
八点 到	68181
公交 上	105263
公交车 上	380952
公众 人物	345454
公司 地址	100
公司 电话	90
公司 产品	80
公司 资料	70
公园 里	121212
公开 恋情	186666
六个 人	166666
关于 你	119266
关于 我	73394
关心 你	258928
关心 我	232142
关心 一下	41666
关机 睡觉	200000
关注 你	228682
关注 我	167635
关系 好	65789
关键 是	532608
关键 是我	59782
关键 我	51630
关键 是你	51630
关键 你	32608
关键是 我	136986
关键是 你	130136
关闭 窗口	100
关闭 联想	90
关闭 设置	80
关闭 服务	70
兴趣 来	52631
其中 一个	301204
其他 地方	63805
其他都 是	409090
其实 可以	100
其实 已经	90
其实 还有	80
其实 比较	70
其实你 可以	145631
其实你 是	106796
其实我 觉得	84677
其实我 是	69892
其实我 想	68548
其实我 一直	52419
其实我也 是	165413
其实我也 想	135338
其实我也 不知道	105263
其实我想 说	446808
其实是 我	171171
其实都 是	290322
其次 考虑	100
其次 检查	90
其次 需要	80
其次 确认	70
具体 时间	105691
具体 是	52845
具体 我	36585
具体 什么	32520
内容 已经	100
内容 确认	90
内容 比较	80
内容 完整	70
内心 是	88028
内心 强大	42253
再 确认	100
再 检查	90
再 开始	80
再 处理	70
再也 不想	101648
再也 没有	98901
再也 不是	63186
再也 不敢	60439
再也 不用	43956
再也 不见	43956
再也 不相信	41208
再也 不要	41208
再来 一次	93023
再次 感谢	90090
再给 你	522727
再给 我	340909
再给 你一次	181818
再给你 一次	444444
再见 来不及	51813
再见 你	46632
再说 我	95522
再说 你	38805
再这样 下去	666666
冒昧 问	523809
冒昧 的问	380952
写 完	73989
写 论文	38702
写 作业	36425
写出 这么	303030
写字 一般	380000
军人 优先	359375
军训 完	72463
农历 生日	149253
农村 人	163636
冬天 来	32534
冬日 里	666666
冬至 快乐	553191
冰箱 里	357142
冲动 是	144927
决定 要	45766
决定 以后	32036
决定 去	32036
况且 我	230769
冷漠 脸	222222
冷笑 话	937500
冷静 一下	211267
冻死 我	128000
冻死 人	104000
冻死 你	72000
准备 一下	100
准备 材料	90
准备 好了	80
准备 开始	70
准确 的说	225000
准确的 说	666666
减肥 成功	44893
减肥 有	31425
几个 人	119957
几个 小时	61571
几个 意思	61571
几个 字	39278
几乎 每天	126168
几乎 没有	84112
几乎 都是	74766
几乎 天天	42056
几乎 是	42056
几天 去	32060
几天 我	32060
几年 前	141176
几年 后	35294
几张 照片	108108
几时 回来	70921
几时 回	56737
几时 放假	56737
几点 去	100694
几点 到	86805
几点 下班	52083
几点 开始	38194
几点 睡觉	34722
凤凰 传奇	350000
出 声	45454
出 问题	32858
出了 问题	103896
出卖 了你	611111
出厂 设置	909090
出去 吃	66048
出去 旅游	59096
出去 走走	52143
出去 吃饭	32444
出发 去	96491
出差 去	51813
出差 回来	51813
出新 高度	555555
出来的 时候	164179
出现 在我	43147
出租车 司机	222222
出门 注意	100
出门 之前	90
出门 以后	80
出门 带伞	70
分 我	66445
分 你	46511
分别 是	290322
分手 我们会是	44977
分手 后	43478
分明 是	437500
分给 你	466666
分给 我	266666
刚刚 好	108074
刚刚 看	60869
刚刚 吃	36024
刚刚看 完	555555
刚好 我	72000
刚好 是	48000
刚好 可以	44000
刚好 有	36000
刚才 收到	100
刚才 已经	90
刚才 说过	80
刚才 检查	70
创造 奇迹	156862
初 心	566666
初中 同学	136904
初中 的时候	95238
初中 高中	59523
初中 毕业	47619
别 这样	45759
别 想	41095
别人 可能	100
别人 已经	90
别人 也	80
别人 会	70
别告诉 我	735294
别告诉 我你	235294
别告诉我 你	400000
别的 什么	67829
别的 地方	67829
别的不 说	555555
别给 自己	366666
别给 我	333333
别让 我	281250
别让 自己	156250
别说 了我	57761
别说 我	57761
别说 你	39711
别说 出来	39711
别说了 我	352941
别这么 说	323529
别这样 说	166666
别问 我	800000
别问 我为什么知道	355555
别问我 为什么知道	500000
到 现在	56924
到 你	51053
到 我	46650
到了 吗	100
到了 以后	90
到了 再说	80
到了 请联系	70
到什么 时候	500000
到处 都是	262931
到处 都有	60344
到处 去	43103
到处 是	43103
到处 找	34482
到处都 是	636363
到家 了	100
到家 以后	90
到家 告诉我	80
到家 休息	70
到底 是	316715
到底 有	67448
到底 什么	49853
到底 要	46920
到底 是谁	45454
到底 是什么	43988
到底 是不是	39589
到底 怎么	35190
到底是 谁	253731
到底是 什么	223880
到怀疑 人生	1000000
到我 怀里	40201
到时 你	98360
到时 我	98360
到时候 你	65176
到时候 我	65176
到时候 看	31657
到时候给 你	800000
到没 朋友	608695
到现在 我	67114
到达 战场	225000
制作 人	268292
刷新 就看到	181818
刷新就 看到	888888
前 我	36507
前几天 我	105769
前几天 去	76923
前天 晚上	101562
前排 表白	135593
前提 是	615384
前提 下	115384
前提 是你	115384
前面 有	52238
前面 那	37313
力 不足	42056
力气 减肥	238095
力气 大	95238
力量 大	101265
办 签证	43478
办公室 地址	100
办公室 电话	90
办公室 里面	80
办公室 这边	70
办法 我	33126
功能 已经	100
功能 完成	90
功能 支持	80
功能 正常	70
加 我	63506
加 分	35778
加 你	33989
加上 聪慧	105263
加上 我	72368
加上 去	52631
加个 好友	571428
加入 我们	189393
加入 你们	83333
加入 我	75757
加我 一个	500000
加油 你	33750
加油你 是	600000
加班 到	195402
加班 加	30651
动 图	92436
动 起来	52521
动 我	42016
动 次打	37815
动 不了	31512
动物 世界	117647
动物园 里	200000
勇气 都没有	87912
勉强 接受	76190
勉强 自己	76190
勾引 我	418181
勾引 你	200000
包子 脸	144927
包容 你	297297
包括 我	164556
包括 你	126582
包装 已经	100
包装 确认	90
包装 要求	80
包装 材料	70
匆匆 那年	465116
北京欢迎 你	933333
北方 人	331018
北方 真的	76388
医生 说	128654
医院 看看	91194
医院 看	50314
十个 人	186046
十几个 小时	571428
十几年 前	371428
十分 感谢	72992
十年 前	134751
十年 后	127659
十年 少	78014
十里 桃花	500000
升级 到	86538
午餐 愉快	327272
午饭 吃	103174
半个 小时	309352
半夜 起来	71146
半夜 发	39525
半夜 不睡觉	35573
半夜 吃	35573
华为 手机	132653
南 山南	85470
南 大	68376
南方 姑娘	41666
南方 有	41666
南方 冬天	30303
占 地方	86956
占 我便宜	57971
印象 中	212500
印象 里	75000
印象 最深	68750
印象 深刻	68750
即 是	194805
即使 是	83333
却 要	33755
却 没有	30942
却从不 主动	1000000
却还是 不肯委屈	666666
却还是不肯 委屈	1000000
历史 记录	100
历史 数据	90
历史 保留	80
历史 查询	70
厉害了 我	397590
厉害了 厉害	144578
压力 大	183050
压力 很大	84745
压力 太大	81355
压力 好大	77966
压力 山大	47457
压力太 大	1000000
压力好 大	1000000
压力山 大	1000000
厕所 里	54545
厕所 我	36363
原 声	107843
原因 是	80000
原因 就是	40000
原地 爆炸	394736
原来 你	234961
原来 是	181882
原来 我	59447
原来 是这样	44585
原来 你是	42462
原来不止 我一个	909090
原来不止我 一个	1000000
原来你 是	190972
原来你 喜欢	45138
原来你 这么	41666
原来你 也是	34722
原来你也 是	285714
原来我 是	140845
原来是 这样	349693
原来是 你	122699
原来是 这个	49079
原谅 我	449324
原谅 你	263513
原谅 他	40540
原谅 她	30405
去 哪里	100
去 看看	90
去 吃饭	80
去 公司	70
去你 那	333333
去吧 去	677419
去年 我	45977
去年 买	43678
去找 你	338235
去的 时候	200000
去看 你	76923
去过 一次	73529
参加 婚礼	75409
又 要	58302
又 不是	53055
又 是	52005
又 去	38129
又 来	32182
又不 知道	126315
又不是 我	169590
又不是 你	93567
又去 哪里	144067
又常常 羡慕别人成	1000000
又常常羡慕 别人成	1000000
又是 一个	108433
又是 什么	54216
又是 你	54216
又是 新	48192
又没 人	154929
又看到 你	708333
又被 你	290322
又要 去	155737
又要 开始	73770
友善 敬业	78947
友善 可以	70175
友谊 的小船	166666
友谊的 小船	900000
反 话	155405
反 黑	74324
反应 过来	230125
反应 是	142259
反应 就是	83682
反思 一下	459459
反手 就是	473684
反正 我	276030
反正 你	81062
反正 我是	48916
反正 就是	41229
反正 是	38434
反正 不是	33542
反正不是 我	325000
反正不是 你	275000
反正也 是	258064
反正我 是	193146
反正我 觉得	52959
反正有 大	642857
反正都 是	396825
反省 一下	311111
反而 是	78014
反而 觉得	56737
发 我	38081
发出 来	592307
发出 去	169230
发型 好看	45731
发型 我	36585
发展 成	74829
发展 到	61224
发挥 你	137931
发来 看看	346153
发泄 一下	215384
发现 你	107981
发现 我	102764
发生 了什么	246684
发生 什么	140583
发生 什么事	42440
发生了 什么	773584
发票 已经	100
发票 开具	90
发票 发送	80
发票 信息	70
发给 我	100
发给 你	90
发给 客户	80
发给 大家	70
发送 邮件	100
发送 文件	90
发送 资料	80
发送 消息	70
叔叔 你	48780
叔叔 我	36585
叔叔 是	32520
取 快递	69930
取消 选择	100
取消 操作	90
取消 请求	80
取消 任务	70
受 教	58823
受 影响	44982
受不了 你	61032
受不了 我	37558
受到 了惊吓	105263
受到 伤害	105263
变 好	76286
变 大	45036
变 美	37683
变 漂亮	34926
变得 更好	75829
变得 越来越	71090
变得 这么	71090
变得 好	56872
变得 更加	56872
变成 你	42606
变成 小	35087
变成 我	32581
变成 这样	30075
口袋 里	444444
另 一个	655870
另 一种	109311
另 一个人	93117
另外 还有	100
另外 需要	90
另外 可以	80
另外 提供	70
只 需要	100
只 有	90
只 保留	80
只 支持	70
只不过 是	189189
只不过 我	114864
只想 说	178861
只想 知道	138211
只是 想	51738
只是 觉得	40016
只是 我	37995
只有 我	154823
只有 你	80878
只有 一个	57770
只有 我一个人	47949
只有你 一个人	160000
只有你一个 人	1000000
只有我 一个人	397058
只有我 一个人觉得	227941
只有我 觉得	110294
只有我一个 人	947368
只有我一个 人觉得	543859
只能 说	162903
只能 看	39516
只能说 你	171052
只能说 是	118421
只要 你	181926
只要 是	80856
只要 有	59453
只要 我	36860
只要 不是	32104
只要你 想	74074
叫 我	203007
叫 你	156015
叫 什么	76441
叫 上	30388
叫上 我	692307
叫什么 名字	522727
叫我 去	142857
召唤 你	235294
召唤 神龙	215686
可 我	118006
可 别	31499
可不 就是	105691
可不 可爱	89430
可不 像	73170
可不是 我	72727
可以 先	100
可以 直接	90
可以 继续	80
可以 提供	70
可以去 看看	105882
可以告诉 我	952380
可以找 我	500000
可以的 可以	258064
可以给 我	642857
可以给 你	267857
可以说 是	636986
可以说 是非常	191780
可以说 非常	82191
可以说是 非常	337349
可以这么 说	705882
可怕 的是	93294
可怕的 是	435897
可怜 的孩子	76388
可怜 我	45138
可怜的 孩子	322314
可怜的 我	107438
可怜的 小	82644
可惜 我	167464
可惜 你	65390
可惜 没有	38277
可惜 不是	31897
可惜不是 你	571428
可惜我 不是	100000
可我 是	44334
可是 我	248416
可是 你	68679
可是我 没有	50397
可是我 觉得	50397
可是我 现在	34482
可是我 想	31830
可爱的 你	148514
可爱的 小	148514
可笑 的是	320000
可能 需要	100
可能 已经	90
可能 还有	80
可能 可以	70
可能会 有	196078
可能因为 我	216216
可能是 我	170568
可能是 你	83612
可能是因为 我	257142
台风 来	95652
右边 那个	107142
右边 是	95238
号 去	33046
号才 放假	190476
司机 带	108490
司机 师傅	37735
吃 完	45847
吃了 会	65972
吃了 你	31250
吃吧 吃	555555
吃好喝 好	1000000
吃点 东西	214285
吃的 时候	85836
吃的 好	72961
吃饭 了吗	100
吃饭 以后	90
吃饭 之前	80
吃饭 去	70
吃饭睡觉 打	818181
各 有各	185714
各 方面	114285
各 大	100000
各 的美	38095
各有 各	928571
各自 安好	125000
合同 已经	100
合同 确认	90
合同 发送	80
合同 签署	70
合适 的人	62745
同 问	135693
同 是	61946
同 你	44247
同 好	44247
同 我	38348
同一个 世界	164383
同一个 人	109589
同一个 梦想	102739
同一个 地方	95890
同一个 世界同一个	82191
同一个 世界同一个梦想	54794
同一个世界 同一个	909090
同一天 生日	734693
同事 说	91324
同学 说	53221
同学 你	46218
同学 们	39215
同志 们	138461
同情 你	492063
同意 你	111111
同意 我	88888
同时 检查	100
同时 支持	90
同时 需要	80
同时 提供	70
同样 是	86956
名叫 什么	470588
名字 叫	52307
名字 我	40000
名字 是	35384
名字 好	32307
后 我	35783
后 你	33832
后 会	32530
后天 上午	100
后天 下午	90
后天 出发	80
后天 再说	70
后悔 死	39106
后来 我	78431
后来 发现	40723
后来的 我们	687500
后面 有	39603
后面 那个	36303
后面 加	33003
向 你	354545
向 我	112121
向 你学习	66666
向 你招手	30303
向你 学习	357142
向前 看	358208
向往 的生活	303571
听 你	108380
听 我	45195
听 起来	35980
听你 这么	128571
听到 你	100263
听到 这	58047
听到 我	39577
听见 你	126760
听见 我	126760
听说 你	160194
听说 有	42071
听说 你要	32362
听说 是	30744
听说你 要	277777
听起来 好	200000
吸引 我	179856
吸引 人	172661
吸引 你	79136
吸引 了我	64748
吸烟 有害健康	500000
吸烟有害 健康	1000000
告诉 我	458464
告诉 你	374045
告诉 我你	42658
告诉 你我	31881
告诉你 一个	191176
告诉我 你	200000
告诉我 怎么	66666
周一 上午	100
周一 下午	90
周一 开会	80
周一 开始	70
周三 上午	100
周三 下午	90
周三 开会	80
周三 确认	70
周二 上午	100
周二 下午	90
周二 开会	80
周二 确认	70
周五 上午	100
周五 下午	90
周五 开会	80
周五 结束	70
周六 周日	86757
周六 晚上	77625
周六 去	54794
周四 上午	100
周四 下午	90
周四 开会	80
周四 确认	70
周围 的人	116279
周围 人	108527
周日 去	93525
周日 快乐	64748
周末 有空	100
周末 一起	90
周末 休息	80
周末 出去	70
味道 好	49411
味道 不错	47058
味道 如何	35294
味道 怎么样	32941
呵呵 你	102345
呵呵 我	81023
呵呵 是	31982
呼噜 声	650000
命 里	84967
命 大	52287
和 你	181572
和 我	149552
和 他	30671
和你 一样	191836
和你 一起	106122
和你 说	69387
和你 在一起	44897
和你 有	32653
和你 说话	32653
和你在 一起	916666
和我 一样	171548
和我 一起	71129
和我 说	66945
和我 想	37656
和谐 友善	136054
咖啡 很好	100
咖啡 好了	90
咖啡 到了	80
咖啡 可以	70
咨询 一下	140350
咱们 一起	68345
咱们 是	30575
咱们都 是	409090
咱俩 一起	53708
咱俩 是	33248
哈哈 我	126048
哈哈 你	79288
哈哈 好	45743
哈哈 是	39135
哈哈不 知道	239130
哈哈也 是	500000
哈哈你 是	47210
哈哈你 也是	34334
哈哈你也 是	333333
哈哈好 可爱	75000
哈哈我 也是	66508
哈哈我 是	38004
哈哈我 也觉得	30878
哈哈我也 是	321839
哈哈我也 觉得	149425
哈哈我也 想	91954
哈哈谢谢 你	370370
哈哈这 是	282051
哈哈这个 可以	257142
哈哈那 你	173076
哈哈那 我	115384
哈哈那 是	105769
哥哥 们	69295
哥哥 你	51373
哥哥 我	43010
哥哥 好	32258
哥哥给 你	900000
哪 有	181439
哪 来	56682
哪个 是	73073
哪个 学校	44044
哪个 地方	31031
哪个 城市	31031
哪个是 你	437500
哪儿 买	43977
哪儿 去	43977
哪儿 来	42065
哪儿 有	40152
哪儿 都有	30592
哪儿都 有	347826
哪天 我	100628
哪天 你	50314
哪天 去	50314
哪家 强	81632
哪怕 是	258823
哪有 那么	156716
哪有 你	100746
哪有 这么	63432
哪有 时间	37313
哪来 那么	141025
哪都 有你	465517
哪都有 你	931034
哪里 有	93043
哪里 买	51739
哪里 去	39130
哪里 来	36521
哪里 可以	30869
哪里都 有	357142
哪里都 有你	196428
哪里都 是	178571
哪里都有 你	785714
唯一 一个	97165
唯一 能	36437
唱歌 好听	44176
商量 下	190476
商量 好	158730
啊 我	109127
啊 你	70515
啊 哈哈	49120
啊 好	33548
啊哈哈 你	142857
啊哈哈 我	142857
啊我 也是	45454
啊我 要	40909
啊我 去	36363
啊我也 是	416666
善待 自己	225000
善良 的人	126050
善良的 人	457142
喜剧 人	518518
喜欢 你	148355
喜欢 我	53741
喜欢 吃	44804
喜欢 的人	42063
喜欢 他	35986
喜欢一个 人	622222
喜欢就 好	448275
喜欢的 人	471910
喝 水	100
喝 茶	90
喝 咖啡	80
喝 一点	70
喝点 热水	181818
喝酒 去	40268
嘲笑 我	481927
嘲笑 你	132530
嘲讽 我	270270
嘴巴 上	65789
嘴巴 这么	59210
嘴巴 里	59210
嘿嘿 我	95477
嘿嘿 你	85427
嘿嘿 是	60301
嘿嘿 谢谢	40201
嘿嘿 好	35175
四个 字	156779
四个 人	148305
四个 小时	122881
四年 前	90090
回 学校	112081
回 我	80786
回 你	37117
回到 过去	45267
回到 解放前	37037
回到 从前	32921
回去找 你	750000
回去给 你	809523
回去请 你	500000
回复 一下	100
回复 邮件	90
回复 客户	80
回复 消息	70
回复我 有惊喜	669354
回复我有 惊喜	1000000
回头 看	87786
回头 我	83969
回头 看看	64885
回头 给你	61068
回头 找	30534
回头给 你	937500
回家 以后	100
回家 之前	90
回家 了	80
回家 休息	70
回家好好 休息	888888
回家的 时候	235294
回忆 里	59090
回忆 是	45454
回忆 过去	36363
回来 了	100
回来 以后	90
回来 之前	80
回来 再说	70
回来找 你	434782
回来的 时候	310344
回来给 你	552631
回来请 你	481481
回来请 我	407407
回答 我	272357
回答 你	89430
回答 我的问题	36585
回答 正确	36585
因 你	153846
因为 今天	100
因为 这个	90
因为 我们	80
因为 时间	70
因为你 是	87786
因为我 是	82494
因为我 觉得	42253
因为我也 是	303030
因为有 你	240740
因为爱 你	380952
因为那 是	600000
国庆 快乐	114537
国庆 去	61674
国庆 后	39647
国庆 回来	39647
国庆 回家	35242
图 我	37296
图 上	32634
图片 已经	100
图片 保存	90
图片 发送	80
图片 位置	70
土豪 我们做朋友	65843
土豪 是	32921
土豪我们 做朋友	833333
土豪我们做 朋友	937500
圣诞节 快乐	378378
在 一起	44468
在 哪	42719
在 哪里	42175
在 我	30008
在乎 你	142857
在乎 的人	84033
在于 运动	190476
在于 你	142857
在你 心里	96045
在你 身边	67796
在你 面前	56497
在哪 买	112359
在哪 上班	73033
在哪 工作	44943
在哪 看	44943
在哪里 在哪里	107594
在哪里 买	101265
在哪里 可以	69620
在哪里 上班	50632
在哪里 看	50632
在家 待	33775
在意 别人	122137
在意 这些	114503
在意 这些细节	76335
在我 心里	121739
在我 眼里	86956
在我 这	73913
在我 面前	56521
在我 这里	39130
在水 里	923076
在火车 上	928571
在等 你	325000
在脖子 上	833333
在被窝 里	787878
地址 已经	100
地址 确认	90
地址 如下	80
地址 修改	70
地域 黑	649122
地球 人	184466
地球 上	126213
地表 最强	1000000
地铁 上	118556
地震 你	191176
坐 公交	39473
坐 到	38461
坐 高铁	32388
坐下 来	536585
坐在 我	73825
坐在 你	67114
坐在 办公室	67114
坐在 一起	53691
坚持 就是胜利	64205
坚持 住	60995
坚持 到	41733
坚持就是 胜利	1000000
垃圾 食品	127049
垃圾 人	45081
城市 里	57324
基本 都是	103869
基本 是	48879
基本 就是	30549
基本上 是	140495
基本上 都是	132231
基本都 是	600000
基础 上	200000
声 来	80000
声音 好听	36553
处 对象	212121
处理 一下	100
处理 问题	90
处理 订单	80
处理 文件	70
备份 已经	100
备份 完成	90
备份 文件	80
备份 位置	70
夏天 来	40201
外 送	84415
外公 外婆	285714
外套 是	81967
外貌 协会	521739
外面 吃	48076
外面 有	36538
外面 的世界	34615
多 吃	39650
多 大	36054
多 好	35374
多 人	32361
多久 没见	46439
多半 是	484848
多喝 热水	450000
多喝 点水	160000
多喝 点热水	80000
多喝点 水	551724
多喝点 热水	275862
多多 关注	56737
多多 支持	56737
多多 注意	56737
多少 钱	328020
多少 人	98993
多年 前	36036
多注意 休息	360000
多注意 身体	360000
多的 是	125000
多穿 点衣服	172839
多穿点 衣服	466666
多谢 你	114093
多谢 关心	80536
多谢 夸奖	53691
大 长	34903
大 晚上	33567
大众 点评	263157
大众 脸	197368
大叔 你	66079
大叔 好	44052
大叔 我	39647
大哥 你	138211
大哥 我	65040
大声 说出来	166666
大多 是	180327
大多数 人	367346
大多数 时候	81632
大多数 都是	81632
大好 大	173913
大姐 你	113402
大学 同学	42654
大学 生活	37914
大学 里	30015
大家 好	100
大家 一起	90
大家 可以	80
大家 注意	70
大家好 我	380952
大家快 来	473684
大家都 是	133333
大家都 要	52777
大家都 说	52777
大家都 一样	30555
大方 自信	440677
大明 湖畔	842105
大晚上 不睡觉	87591
大晚上不 睡觉	1000000
大概 是	270392
大概 就是	75528
大概 要	40785
大概什么 时候	888888
大步 向前	975000
大神 带	102564
大胆 的想法	129032
大街 上	657142
大连 是	54545
大部分 人	122994
大部分 都是	106951
大部分 时间	85561
大部分 是	80213
大部分都 是	571428
大鱼 海棠	380952
天下 没有	85106
天天 吃	68825
天天好 心情	937500
天天都 是	231707
天天都 要	121951
天气 很好	100
天气 不错	90
天气 怎么样	80
天气 预报	70
天气太 热	769230
天气很 好	785714
天气真 好	888888
天空 之城	109890
太 大	45716
太 可爱	32100
太喜欢 你	250000
太多 人	63829
太爱 你	500000
太阳 出来	35040
太阳 好	35040
夫妻 相	564102
失去 我	75757
失去 你	55555
头 大	105065
头 一次	41275
头 好	35647
头上 有	164383
头像 是	93701
头像 好	50691
头像 我	33794
头发 长	78260
头发 好	47826
头发 是	45217
头发太 长	421052
头发好 长	785714
头发这么 长	944444
夸奖 我	255319
奇怪 的东西	57291
奇怪 你	46875
套路 出	112149
套路 我	74766
套路 深	74766
奢华 有	562500
女 主	142997
女 汉子	87169
女人 是	36679
女孩 都是	31128
女孩子 真的	43668
女孩子 要	34934
女王 大人	375000
女生 喜欢	30927
女神 你	80357
女神 我	37946
她 说	100
她 已经	90
她 正在	80
她 也	70
她也 是	297872
她们 说	52219
她是 我	190476
她说 她	112244
她说 我	112244
她说 你	81632
好 想	30988
好不好 看	174698
好不好 吃	156626
好不好 我	78313
好不容易 有	82568
好久 没有	93366
好久 回来	45454
好久 去	30712
好了 好	121827
好了 我	111675
好事 发生	123287
好人 一生平安	221476
好人 有	53691
好人一生 平安	1000000
好像 是	163539
好像 有	33442
好像 你	32626
好像也 是	303030
好像是 这样	93959
好像是 我	60402
好几个 人	87248
好几个 小时	67114
好几年 前	156250
好友 晚上好	76923
好友 下午	38461
好友晚上 好	941176
好可爱 好	74626
好吃不过 饺子	1000000
好吧 我	235655
好吧 好	157786
好吧 你	102459
好吧 那	61475
好吧我 承认	76190
好吧那 我	321428
好呢 好	380952
好啊 好	659898
好啊 我	45685
好喜欢 你	308823
好喜欢 这个	95588
好喜欢 这	80882
好喝 好	182352
好处 就是	157142
好多 人	191802
好多人 说	125000
好奇 你	224719
好奇 是	44943
好好 休息	113500
好好 照顾自己	38773
好好 珍惜	35600
好好照顾 自己	833333
好好爱 自己	714285
好想 吃	182364
好想 去	134268
好想 看	72144
好想 知道	64128
好想和 你	666666
好想跟 你	800000
好意思 说	400000
好意思 叫	133333
好感 人	222222
好有 爱	201834
好有 道理	155963
好有 感觉	82568
好歹 也是	131578
好歹 是	105263
好爱 你	454545
好玩 的地方	32119
好的 好	199297
好的 谢谢	91308
好的 我	62335
好的我 知道	123076
好的没 问题	1000000
好看的 皮囊	73170
好等 我	500000
好说好 说	1000000
好运 连连	86956
如 你	189473
如 我	140350
如 山	63157
如 花	63157
如 有	42105
如 姐姐	31578
如何 做到	40955
如何 能	30716
如初 见	739130
如果 可以	100
如果 需要	90
如果 没有	80
如果 方便	70
如果你 是	36734
如果你 喜欢	32653
如果你 想	32653
如果你 愿意	32653
如果你 能	32653
如果我 说	96296
如果我 是	81481
如果我 有	59259
如果是 我	147826
妈妈 说	68041
妈妈 好	37113
妹妹 你	63888
妹妹 好	38888
妹子 你	70032
始终 是	191176
姐妹 儿	126436
姐妹 们	114942
姐姐 你	87370
姐姐 我	68339
姐姐 好	32006
姑娘 你	70967
姑娘 们	35483
姑娘 是	35483
委屈 自己	127659
委屈 你	99290
威胁 我	400000
娘娘 是	163265
婚姻 是	121951
嫉妒 使我	142857
嫉妒 你	126050
嫉妒 我	117647
嫉妒 使我丑陋	67226
嫉妒 使我面目全非	33613
嫉妒使 我	906250
嫉妒使 我丑陋	406250
嫉妒使 我面目全非	250000
嫉妒使我 丑陋	481481
嫉妒使我 面目全非	296296
嫌弃 我	287066
嫌弃 你	217665
嫌弃 自己	56782
子 是	33591
字 写	50734
字 是	36048
字 我	34712
字 好	32042
字面 意思	833333
孤独 是	47058
孤立 你	685714
学 我	48551
学到 很多	140350
学校 地址	100
学校 门口	90
学校 附近	80
学校 里面	70
学生 党	104938
学生 时代	80246
孩子 们	43010
它 是	35340
守护 你	288888
安全 第一	155963
安全 到	77981
安全 最重要	36697
安徽 人	145161
安心 睡觉	92592
安慰 我	240384
安慰 你	146634
安慰 自己	139423
安慰 一下	60096
安慰 人	52884
安慰 下	40865
安排 一下	100
安排 时间	90
安排 会议	80
安排 出发	70
安装 完成	100
安装 步骤	90
安装 说明	80
安装 文件	70
完了 我	74626
完了 完	64676
完全 没有	81240
完全 是	76809
完全 可以	48744
完全 不知道	33973
完全 就是	33973
完全 不一样	31019
完全不 知道	219512
完成 了	100
完成 以后	90
完成 之后	80
完成 测试	70
完美 的人	45267
完美 诠释	32921
定 下来	45620
定位 到	81632
宝宝 你	51136
宝宝 我	36363
宝贝 你	117845
宝贝 我	47138
实在 是	281853
实在 不行	73359
实现 不了	67484
实际 情况	141025
审核 已经	100
审核 完成	90
审核 结果	80
审核 通过	70
客人 来	200000
客户 已经	100
客户 需要	90
客户 确认	80
客户 反馈	70
宣传 团队	99099
害怕 我	49808
害怕 什么	45977
害怕 你	42145
害怕 失去	30651
家人 一起	51136
家庭 真的	58064
家里 有	100
家里 需要	90
家里 可以	80
家里 比较	70
容易 满足	31654
宿舍 有	33333
宿舍 里	30000
寂寞 就好	49019
寂寞 空虚	49019
寂寞 死	39215
密室 逃脱	900000
密集 恐惧	333333
富强 和谐	108843
富强 可以	61224
富强 爱国	54421
寒风 中	500000
寝室 有	49844
对 我	81053
对 你	66119
对不起 我	315789
对不起 你	82706
对不起 自己	48872
对不起 让	41353
对了 我	207207
对了 你	126126
对于 我	140625
对于 你	128906
对于 一个	54687
对于 我来说	50781
对于 我们	42968
对于 你这种	31250
对于 我这种	31250
对你 来说	62500
对啊 我	106557
对得起 我	169491
对得起 你	152542
对我 来说	277173
对我 好	54347
对方 是	51886
对比 一下	227272
对比 下	121212
对的 我	79545
对自己 好	377358
对自己 好一点	150943
对自己好 一点	421052
对象 是	39735
对身体 不好	370370
对身体 好	333333
对面 那个	87719
导致 我	150537
将 会	63157
将 你	38596
将来 会	137254
尊重 人	116279
尊重 别人	100775
尊重 你	62015
小 仙女	87305
小 哥哥	87305
小 白	32495
小仙女 你	106666
小伙子 你	168539
小区 里	102362
小哥哥 你	92783
小女子 年方	470588
小女子年 方	1000000
小学 初中	62068
小学 的时候	55172
小年 快乐	800000
小心 心	102654
小心 我	61946
小心 你	31858
小时 后	44668
小时候 我	52036
小时候 吃	31674
小朋友 们	47368
小的 时候	285714
小看 我	666666
小米 手机	111888
小船 说	473684
小花 妹妹	205128
小花 花	115384
小说 里	81632
小说 看	56122
小说 我	40816
小鱼 干	235294
小黄 人	440000
少 吃	155346
少 来	34682
少女 心	369230
少年 你	79136
少年 派	79136
尚未 成功	640000
尝试 一下	172839
尝试 下	92592
尤其 是	619266
就 可以	100
就 开始	90
就 需要	80
就 先	70
就一个 字	354838
就不 告诉你	93877
就不 知道	48979
就不 说	32653
就不告诉 你	1000000
就会 好	59701
就会 有	59701
就你 话	112149
就你 知道	60747
就你 那	56074
就你 会	51401
就你 一个	46728
就你 有	42056
就你 这	42056
就你 能	37383
就像 我	206250
就像 你	150000
就喜欢 你	311320
就喜欢 听	75471
就在 你	66265
就在 我	60240
就当 我	156862
就很 好	136363
就怕 你	173333
就想 知道	170940
就想 问	119658
就想 知道你	85470
就想知道 你	526315
就我 一个	333333
就我 一个人	204301
就我 这	107526
就我一个 人	703703
就找 你	450000
就是 我	49481
就是 你	48592
就是不 知道	245901
就是不 喜欢	114754
就是不 一样	98360
就是喜欢 你	296296
就是没 钱	197183
就是说 我	166666
就是说 你	111111
就是这个 意思	186046
就没 人	125000
就看 你	206896
就知道 你	279720
就知道 吃	76923
就等 你	380952
就算 是	103448
就算 你	48681
就算 有	32454
就算 我	30425
就给 你	312500
就给 我	250000
就要 去	66939
就让 我	272727
就让 他	111888
就让 你	104895
就让 人	76923
就让 它	76923
就说 你	204819
就这么 定	161290
就这么 愉快的决定	107526
就这么 简单	86021
就这么愉快 的决定	833333
就问 你	576923
尽 是	90909
尽力 就好	123711
尽力就 好	1000000
尽量 不要	58394
居然 是	51242
居然 有	45031
居然 没有	31832
屏幕 上	49689
屏蔽 我	166666
屏蔽 你	148148
属于 你	165322
属于 自己	120967
属于 我	80645
属于 我们	52419
属于 那种	40322
山 大	127358
山 有	47169
山 的那边	42452
岁 的时候	30501
岁数 大	388888
岁月 是	205882
岁的 时候	148936
岁的 我	95744
崇拜 你	307692
工资 多少	37558
工资 我	37558
工资 高	37558
左 下	111111
左手 右手	177777
左边 那个	120481
差不多 是	38205
差点 就信	34482
差点 信	31034
差点 死	31034
已 发	42105
已 是	40350
已 回	33333
已婚 妇女	216666
已经 完成	100
已经 收到	90
已经 确认	80
已经 开始	70
已经很 不错	185185
已经被 我	363636
市场 上	184210
师傅 你	64102
师兄 你	100719
希望 可以	100
希望 尽快	90
希望 大家	80
希望 继续	70
希望你 能	135761
希望你 不要	33112
希望你 有	33112
希望我 能	246153
希望我们 都能	305555
希望我们都 能	687500
希望有 机会	358974
带 我	170217
带 你	113559
带上 我	650000
带上 我一起	30769
带不 动	520000
带你 吃	258823
带我 一个	257812
带我 一起	171875
带我 走	78125
带我 吃	62500
带着 你	140186
带着 我	84112
带给 你	418367
带给 我	193877
带给 我们	122448
帮助 你	183908
帮助 别人	91954
常 来	114155
常 去	82191
常 联系	54794
常 说	36529
常常 羡慕别人成	156862
帽子 是	55276
干了 这	666666
干得 漂亮	866666
干的 漂亮	344827
平安 健康	127659
平安 到	92198
平安 快乐	63829
平安 就好	56737
平时 我	36036
年 后	63660
年的 我	69230
年纪 大	331210
年轻 真好	74523
年轻 的时候	60658
年轻 时候	32928
年轻人 要	74324
年轻就是 好	615384
年轻的 时候	459459
年轻真 好	1000000
年龄 大	96774
年龄 不是	36866
年龄 是	36866
并 没有	372445
并 不是	200605
并 不想	32551
并不 觉得	144736
并不是 我	81632
并且 我	63829
并没有 什么	90909
并没有 你	66115
幸亏 我	328125
幸好 我	287878
幸好 你	83333
幸福的 孩子	109243
幸福的 小	75630
幸福的 人	67226
广东 人	145631
庆幸 我	160000
庆幸 自己	106666
庆祝 一下	291666
床上 等你	44843
库存 已经	100
库存 确认	90
库存 足够	80
库存 不足	70
应 人	123076
应该 可以	100
应该 需要	90
应该 先	80
应该 已经	70
应该是 你	42296
应该是 我	42296
应该没 人反驳	421052
应该没人 反驳	727272
应该没有 人反对	416666
应该没有人 反对	714285
底子 好	450000
店里 买	114285
店里 有	85714
建 好	129411
建议 你	283524
建议 我	38314
开 空调	40825
开 黑	33801
开不 开心	600000
开个 玩笑	557692
开什么 玩笑	769230
开关 已经	100
开关 关闭	90
开关 状态	80
开关 设置	70
开始 吧	100
开始 测试	90
开始 工作	80
开始 输入	70
开学 前	31111
开心 就好	112707
开心就 好	932692
开心最 重要	1000000
开车 去	93851
开车 带	32362
异性 朋友	346153
引起 了我	166666
弟弟 妹妹	41493
弟弟 好	37344
强迫 自己	363636
归来 仍是	275862
当 你	119260
当 我	93750
当 老师	37627
当初 是	71428
当初 我	58035
当初 为什么	44642
当初 我们	44642
当头 像	823529
当年 我	69651
当年 我们	44776
当我 没说	250000
当我没 说	875000
当时 我	78231
当时 是	34013
当然 是	202020
当然 不是	65197
当然 可以	64279
当然 要	55096
当然 有	33976
当然是 你	118644
当然是 我	67796
当面 说	264705
形容 我	186813
影响 我	78864
影响 到	63091
影响 你	56782
影响 心情	31545
影院 看	272727
往 下	96938
往 上	73979
往 哪	56122
往 外	45918
往 里	35714
往 我	30612
往回 走	600000
往往 是	207547
待 会	129343
待 我	88803
待 你	55984
待 到	40540
待你 长发	529411
很 好	100
很 方便	90
很 快	80
很 清楚	70
很喜欢 你	221153
很喜欢 他	105769
很多 人	214285
很多 东西	30357
很多年 前	150943
很多都 是	555555
很好 很好	119047
很少 有	70370
很少 见	66666
很少 人	51851
很少 吃	48148
很少 有人	44444
很少 去	40740
很少 看	37037
很快 就会	84942
很快就 会	309523
很想 知道	191176
很想 你	147058
很早 之前	178571
很有 可能	119402
很有 道理	97014
很爱 很爱	500000
很高兴 认识你	375000
很高兴认识 你	750000
得到 你	90604
循环 播放	98765
心 好	49934
心中 有	156462
心了 老	235294
心动 不如行动	125000
心动不如 行动	1000000
心态 好	96618
心态 很重要	43478
心态 要	38647
心情 不好	205183
心情 好	117710
心情不好 的时候	177777
心情不好的 时候	888888
心愿 是	250000
心理 阴影	145299
心疼 你	331306
心疼 我	109422
心疼 自己	44072
心疼 他	41033
心的 事情	313725
心目 中	1000000
心里 有	49681
必然 是	220779
必要 去	64356
必要 这样	54455
必要 这么	44554
必须 确认	100
必须 完成	90
必须 检查	80
必须 保留	70
忍不住 想	96774
忍不住 要	91397
忍不住 笑	53763
忘记 你	77227
忘记 我	71287
忙 完	80985
忙 什么	49295
忙 到	39612
忙 死	36091
忠于 人品	727272
快 来	130710
快 去	82974
快 回来	56545
快 到	33189
快乐 大本营	36480
快乐就 好	900000
快了 快	614457
快到 我	285714
快去 看	119402
快去 吃	114427
快去 睡觉	99502
快去 买	64676
快去 吃饭	39800
快去 快去	39800
快去 找	39800
快告诉 我	928571
快快 好	175000
快快 好起来	100000
快快 来	56250
快来 快来	125984
快来 我	55118
快来 找我	39370
快来 吃	35433
快来 我们	31496
快来找 我	833333
快点 回来	85714
快点 来	85714
快点 好起来	83516
快点 去	39560
快点 找	37362
快点好 起来	1000000
快要 死	95652
快说 我	258064
快请 我	846153
快递 过来	55555
快递 公司	48611
快递 到	41666
快高 长大	1000000
忽悠 我	250000
忽悠 人	117647
忽然 发现	150537
忽然 想起	118279
忽然 想	96774
忽略 我	105263
怀念 以前	56603
怀念 你	47169
怀念 我	37735
怀念 过去	37735
怀疑 人生	185022
怀疑 我	171806
怀疑 你	127753
怀疑 自己	92511
怀疑 是	74889
怀里 来	295454
怂恿 我	421052
怎么 处理	100
怎么 设置	90
怎么 安排	80
怎么 修改	70
怎么不 来	91463
怎么不 叫	73170
怎么不 去	60975
怎么不 说	54878
怎么会 有	134615
怎么会 这样	64102
怎么办 我	143478
怎么又 是	160000
怎么可以 这样	203703
怎么可以 这么	148148
怎么可能 是	107142
怎么哪 都有你	818181
怎么哪都 有你	818181
怎么感觉 你	224137
怎么样 我	51020
怎么样 才能	40816
怎么没 人	188235
怎么没 看到	117647
怎么能 这么	76923
怕 是	159022
怕 你	125124
怕 我	49850
怕 什么	30907
怕了 怕	689655
怕是 要	198347
思念 你	152777
思考 人生	198630
思考 一下	75342
急 不急	108527
急 什么	46511
急 死	31007
性价比 高	290909
性格 好	115151
怪不得 我	187969
怪不得 你	165413
总 有	151898
总 觉得	142963
总 要	75204
总 感觉	52866
总之 就是	85106
总会 有	311004
总会 来	66985
总会 遇到	47846
总会 有人	43062
总是 有	45197
总是 会	39548
总是 这么	39548
总是 要	36723
总有 一个	137500
总结 一下	157303
总觉得 你	145833
总觉得 自己	104166
恋爱 中	49180
恐怕 是	133333
恢复 设置	100
恢复 正常	90
恢复 文件	80
恢复 备份	70
恩爱 死得快	85714
恩爱死 得快	800000
恩爱死得 快	1000000
恭喜 你	285368
悄悄 告诉	317073
悄悄 告诉你	195121
悄悄 关注	121951
悄悄告诉 你	631578
您 是	61617
您 这	38510
您好 请问	100
您好 感谢	90
您好 需要	80
您好 这是	70
您这 是	545454
悲伤 的故事	208333
情侣 头像	125000
情况 下	196382
情况 我	31007
惊喜 意不意外	83333
想 了解	100
想 确认	90
想 知道	80
想 试试	70
想不到 你	148148
想了 想	375000
想你 想	273972
想你 想你	178082
想像 你	476190
想到 你	99447
想到 我	58931
想去 看	91503
想吃 什么	150000
想吃 就吃	56250
想吃 你	50000
想吃就 吃	750000
想和 你	587301
想和 你一起	142857
想和你 一起	333333
想当年 我	500000
想念 你	213483
想念 我	82397
想念 你们	41198
想想 我	82116
想想 你	63868
想想 自己	54744
想找 一个	209302
想把 你	375000
想死 你	432432
想法 一样	50000
想法 是	50000
想的 美	192307
想看 你	156521
想着 你	50793
想着 要	50793
想着 我	38095
想知道 你	174311
想给 你	625000
想要 什么	51921
想要 你	38421
想要 一个	36344
想见 你	320987
想见 的人	111111
想让 你	275000
想象 中	228310
想象 一下	68493
想象 你	41095
想象 到	36529
想起 我	162227
想起 你	116222
想跟 你	694444
想问 一下	335616
想问 下	232876
想问 你	143835
愉快 的玩耍	128205
愉快 的决定	71794
意 不意外	202898
意 面	173913
意义 是	75000
意义 上	62500
意义 的事	62500
意义 是什么	50000
意思 是	381017
意思 就是	56396
意思 是你	41265
意思 是我	38514
意思是 你	275000
意识 到	651162
意识 到这个	104651
感冒 好	50100
感到 骄傲	76923
感动 到	78175
感动 死	32573
感受 到	374647
感受 下	95774
感受 到了你	47887
感受 不到	30985
感受到 了你	222222
感受到了 你	444444
感叹 一下	151515
感恩 的心	177215
感恩 有	126582
感恩的 心	1000000
感情 是	35377
感情 好	33018
感慨 一下	226562
感慨 下	85937
感觉 你	83594
感觉 我	47831
感觉 自己	38667
感觉 好	33527
感觉不 一样	290322
感觉不会 再爱	666666
感觉不会再 爱	888888
感觉你 是	45454
感觉你 每天	40404
感觉还 可以	285714
感觉还 不错	257142
感谢 支持	100
感谢 理解	90
感谢 帮助	80
感谢 回复	70
感谢有 你	733333
愿意 去	48458
愿意 做	33039
愿意 听	33039
愿意 相信	30837
愿望 是	134328
愿望 就是	104477
愿望 成	67164
愿望 实现	59701
慢慢 看	41733
慢慢 变	35313
慢慢就 好	440000
懒得 去	106060
懒得 做	45454
懒得 接受别人	40404
懒得 看	40404
成 这样	125388
成 那样	40414
成为 你	83969
成为 一个	45801
成为 我	34351
成名 在望	666666
成名在 望	1000000
成本 太高	214285
成绩 好	68965
成绩 出来	55172
成都欢迎 你	1000000
我 想	100
我 可以	90
我 需要	80
我 已经	70
我一个 人	414141
我一个 朋友	40404
我一定 会	290322
我一定 要	233870
我一定 是	64516
我一直 觉得	59581
我一直 想	35426
我一直 都是	33816
我一直 以为你	32206
我一直不 知道	625000
我一直以为 你	327868
我一直以为 是	278688
我一直以为 你是	131147
我一直都 是	168000
我一般 都是	130952
我一般都 是	478260
我上 热门	141304
我上 学期	108695
我上次 去	178082
我下午 去	142857
我不 知道	173211
我不 信	91865
我不 喜欢	82047
我不 认识	31556
我不会 告诉你	145985
我不会告诉 你	833333
我不信 你	263157
我不听 我不听	941176
我不告诉 你	1000000
我不喜欢 你	144444
我不想 去	73825
我不想 说	67114
我不是 说	42763
我不是 一个	36184
我不是 一直	36184
我不是 我	32894
我不是一个 人	818181
我不爱 吃	400000
我不爱 你	228571
我不知道 你	153374
我不知道 我	98159
我不知道 怎么	49079
我不管 我	448717
我不管 你	192307
我不要 你	139534
我不要 面子	139534
我不认识 你	481481
我个人 觉得	361111
我为 你	230769
我为 我	205128
我为什么 要	317073
我主要 是	611111
我也 是	277338
我也 想	125363
我也 觉得	66216
我也 要	45634
我也 不知道	33367
我也 喜欢	31912
我也不 知道	619691
我也不 喜欢	67567
我也不 晓得	38610
我也不 清楚	32818
我也不 知道我	30888
我也今天 生日	777777
我也以为 是	625000
我也准备 去	272727
我也喜欢 你	277027
我也喜欢 吃	87837
我也喜欢 这	54054
我也在 看	62857
我也在 找	45714
我也好 想	518750
我也好 喜欢	225000
我也好 想去	87500
我也好 想吃	50000
我也好想 去	212121
我也好想 吃	121212
我也很 喜欢	192139
我也很 想	144104
我也很 绝望	113537
我也很 无奈	74235
我也很 爱	34934
我也想 去	132478
我也想 知道	113247
我也想 吃	112179
我也想 你	72649
我也想 问	55555
我也想 买	38461
我也想 看	34188
我也是 这么	66312
我也是 这样	43324
我也是 这么想	39787
我也是 我	32714
我也有 这种感觉	76335
我也没 说	99415
我也没 看	81871
我也没 办法	70175
我也爱 你	709677
我也爱 吃	120967
我也特别 喜欢	642857
我也要 去	183391
我也要 吃	89965
我也要 看	38062
我也觉得 是	113402
我也觉得 我	89347
我也觉得 好	61855
我也这么 觉得	627906
我也这么 想	201550
我也这么 认为	85271
我也这样 觉得	428571
我买 到	47101
我买 的是	36231
我买的 是	161290
我了 个去	219178
我了 我	164383
我了个 去	842105
我什么 时候	457142
我什么 时候说	78571
我什么 时候才能	64285
我什么 时候能	64285
我什么 都没有	57142
我什么 都没说	57142
我什么时候 说	189655
我什么时候 才能	155172
我什么时候 能	155172
我什么都 没有	160000
我什么都 没说	160000
我今 早	347826
我今天 去	50713
我今天 晚上	33280
我今天也 去	106666
我从来 没有	203125
我从来 都是	140625
我从来都 是	642857
我以为 你	438938
我以为 是	125663
我以为 我	65486
我以为 你是	37168
我以为你 是	94594
我以为你 说	72072
我以为你 要	54054
我以为你 会	45045
我以为是 你	176470
我以前 也是	62500
我以前也 是	357142
我以后 会	108695
我以后 也要	97826
我以后 要	86956
我以后也 要	529411
我们 可以	100
我们 一起	90
我们 需要	80
我们 已经	70
我们一起 加油	166666
我们一起 去	122807
我们一起 走	87719
我们一起 努力	78947
我们不 一样	136842
我们也 是	339449
我们也 要	50458
我们也 会	36697
我们什么 时候	600000
我们会 一直	179104
我们做 朋友	615384
我们在 一起	156250
我们爱 你	454545
我们等 你	687500
我们要 做	140000
我们还 能回去	292517
我们还能 回去	860000
我们这 是	55555
我们这 今天	46296
我们都 是	232662
我们都 要	89485
我们都 会	49217
我们都 一样	46979
我们都要 好好	222222
我仿佛 看到	379310
我会 努力	51846
我会 告诉你	37706
我会 说	33778
我会告诉 你	913043
我会告诉 你我	391304
我会告诉你 我	473684
我会想 你	600000
我会给 你	705882
我会说 我	416666
我估计 我	166666
我估计 你	107843
我估计 是	88235
我保护 你	1000000
我倒 是	643939
我倒 是想	242424
我倒 是觉得	83333
我倒 希望	60606
我倒 想	60606
我倒是 想	390243
我倒是 觉得	134146
我做 你	64516
我先 去	224137
我关注 你	378378
我其实 是	194805
我再 去	121951
我再也 不相信	230769
我再也不 相信	529411
我准备 去	190082
我刚刚 看	115107
我到 现在	294117
我加 你	250000
我去 看看	70911
我去 买	40520
我去 你	40520
我去 找	39073
我去 看	39073
我去找 你	619047
我去的 时候	575757
我去给 你	541666
我又 不是	127927
我又 来	118918
我又 要	68468
我又 想	46846
我又没 说	259259
我反正 是	307692
我发现 你	276699
我发现 我	237864
我只 想	311942
我只 知道	99821
我只 想说	98039
我只 看到	62388
我只 会	58823
我只 喜欢	49910
我只 想知道	39215
我只想 说	341614
我只想 知道	136645
我只想 问	99378
我只想 看	49689
我只是 想	126262
我只是 觉得	88383
我只是 说	60606
我只是想 说	166666
我只能 说	382812
我只能 说你	78125
我只能说 你	384615
我叫 你	263736
我可 没说	97902
我可 没有	90909
我可 不想	69930
我可以 给你	74666
我可以 说	74666
我可以 去	45333
我可以 做你	37333
我可以做 你	875000
我可以给 你	1000000
我可以说 我	409090
我可是 要	87912
我可没 说	378378
我可能 是	207792
我可能 要	110389
我可能 会	77922
我吃 完	76335
我吃 我	30534
我同学 说	196969
我听 你	112676
我告诉 你	583333
我呢 我	333333
我和 你	431372
我和 我	184313
我和 他	70588
我和 你一样	70588
我和 朋友	31372
我和你 一样	206896
我哪 有	529411
我哪 知道	134453
我哪 有那么	84033
我哪有 那么	256410
我喜欢 你	234627
我喜欢 吃	64724
我喜欢的 人	312500
我回 学校	135593
我在 想	39953
我在 看	38795
我在你 心里	200000
我在想 你	185185
我在等 你	380952
我在这儿 等着你	888888
我多 大	140625
我多 吃	125000
我天 你	216216
我太 喜欢	150000
我头 大	592592
我好 想	229064
我好 喜欢	128078
我好 无聊	36945
我好 难过	32019
我好像 知道	63157
我好像 有点	42105
我好喜欢 你	236842
我好想 吃	129870
我好想 去	116883
我妈妈 说	256410
我家 有	32285
我家也 是	540540
我对 你	341040
我对 我	52023
我对 自己	52023
我就 说	80036
我就 想	78196
我就 知道	53817
我就 喜欢	42318
我就不 信	141891
我就不 说	101351
我就不 喜欢	74324
我就不 看	60810
我就不 明白	54054
我就喜欢 你	202898
我就在 你	113924
我就当 你	785714
我就想 知道	298701
我就想 问	194805
我就想 说	77922
我就想 问问	71428
我就想 知道你	51948
我就是 想	65292
我就是 这么	51546
我就是 觉得	37800
我就是 你	36082
我就是 这样	34364
我就知道 你	474358
我就知道 你会	179487
我就笑笑 不说话	1000000
我就给 你	600000
我就说 你	108695
我就说 我	108695
我就问 你	333333
我已经 到	35812
我希望 你	228260
我希望 我	184782
我带 你	306666
我并 没有	418604
我应该 是	84033
我建议 你	590909
我当 你	366666
我当然 知道	260869
我很 喜欢	138613
我很 想	87128
我很 好	31683
我得 去	91743
我心情 不好	470588
我快 到	94117
我怀疑 我	310344
我怎么 觉得	116803
我怎么 不知道	65573
我怎么 知道	61475
我怎么 会	51229
我怎么 感觉	43032
我怎么 没看到	40983
我怎么不 知道	653061
我怎么不 记得	183673
我怎么没 看到	344827
我怎么知道 你	500000
我怎么觉得 你	215686
我怕 你	184782
我怕 我	155797
我怕 是	50724
我怕 他	36231
我总 觉得	518518
我总 感觉	148148
我想 吃	93452
我想 知道	84523
我想 说	77976
我想 问	75595
我想 你	63690
我想 去	60714
我想 看	43452
我想上 热门	812500
我想也 是	900000
我想和 你	727272
我想看 你	269230
我想知道 你	161904
我想给 你	727272
我想要 你	86956
我想说 我	279069
我想说 的是	127906
我想说 你	104651
我想跟 你	809523
我想问 一下	346153
我想问 你	192307
我想问 下	182692
我意思 是	655172
我感觉 我	285714
我感觉 你	106382
我感觉 是	33434
我感觉也 是	800000
我才 是	114832
我才 看到	57416
我才 发现	50239
我才 不是	45454
我才 不会	43062
我才 不信	40669
我才 不要	38277
我才 知道	35885
我才不 信	377777
我才不会 告诉你	470588
我打 你	220000
我打算 去	225000
我找 不到	90909
我承认 我	714285
我把 我	145161
我把 你	129032
我把 它	48387
我指 的是	526315
我指的 是	769230
我控制 不住我	769230
我控制不住 我	1000000
我支持 你	692307
我教 你	805555
我明天 去	124242
我明天 要	72727
我明天也 要	363636
我明天要 去	363636
我明明 是	222222
我明白 你	523809
我昨天 去	63025
我昨天 看	46218
我昨晚 梦见	68965
我是 说	61959
我是 你	43267
我是一个 不知名	219512
我是不是 应该	125000
我是不是 要	100000
我是不是 你	66666
我是爱 你	950000
我是说 你	220779
我是说 我	162337
我是问 你	692307
我晓得 你	750000
我更 喜欢	211111
我更 想	133333
我最 喜欢	349593
我最 爱	235772
我最 怕	56910
我最 爱吃	48780
我最 想	36585
我最 讨厌	36585
我最爱 吃	255319
我最近也 是	176470
我有 一个	42299
我有 爱国	42299
我有个 朋友	225806
我有什么 办法	588235
我朋友 说	116504
我本来 想	128654
我本来 是	105263
我本来 就是	76023
我本来 也想	46783
我本来也 想	400000
我来 找	55555
我来 看看	32828
我来 给你	30303
我来到 你	1000000
我来找 你	562500
我来给 你	800000
我正 准备	325581
我正 想	232558
我正在 吃	91836
我正在 努力	81632
我正在 看	81632
我每天 都是	61068
我每天都 是	129032
我每次 都是	107438
我每次 去	66115
我每次都 是	302325
我比 你	685393
我比 你大	146067
我比你 大	265306
我比较 喜欢	402061
我永远 爱	186046
我没 说	91772
我没 看到	45886
我没 去	42721
我没 钱	42721
我没 看	37974
我没有 说	32258
我没看到 你	380952
我爱 吃	140127
我爱 上	50955
我爱 的人	50955
我爱的 人	307692
我特别 喜欢	272727
我特别 想	145454
我现在 已经	34538
我现在 是	31325
我现在也 是	200000
我现在就 想	113924
我现在都 不敢	136986
我现在都 是	123287
我的 心	69606
我的 意思是	31705
我的也 是	618421
我的天 哪	209302
我的天 你	116279
我的天 我	93023
我的意思 是	769911
我的意思 是我	97345
我的意思 是你	70796
我的愿望 是	533333
我的最 爱	1000000
我的梦想 是	666666
我的第一 反应	888888
我的都 是	764705
我的重点 是	666666
我相信 你	450819
我相信 我	139344
我看 你	217729
我看 完	43545
我看 你是	34214
我看也 是	615384
我看你 是	191304
我看到 你	136666
我看到 我	36666
我看到了 我	140350
我看好 你	720000
我看的 是	250000
我看见 你	259259
我真 想	186274
我真的 是	147239
我真的 好	101226
我真的 好想	36809
我真的 要	36809
我真的 不想	30674
我真的 想	30674
我真的好 想	480000
我睡觉 去	232558
我知道 你	315315
我知道 我	63063
我知道 你是	55855
我知道你 是	192546
我知道你 想	49689
我突然 发现	200000
我突然 想	200000
我突然 觉得	138461
我竟然 不知道	189873
我竟然不 知道	1000000
我第一 反应	636363
我等 你	283720
我等 着你	79069
我等 下	41860
我等着 你	361702
我终于 知道	206896
我经常 会	288461
我给 你	752118
我给 你买	44491
我给 他	42372
我给 我	38135
我给 你说	36016
我给你 买	97674
我给你 说	79069
我给你 做	46511
我给你 带	46511
我给你 发	41860
我给你 一个	37209
我给你 找	37209
我羡慕 你	400000
我而 去	916666
我肯定 要	112676
我能 说	276276
我能 说我	108108
我能 怎么办	63063
我能 不能	48048
我能 理解	30030
我能 说什么	30030
我能告诉 你	1000000
我能说 我	461538
我能说 什么	128205
我自己 买	35714
我自己 做	35714
我表示 我	213114
我被 你	136363
我要 去	111932
我要 吃	60190
我要 看	56494
我要去 看	94339
我要去 你家	69182
我要和 你	714285
我要把 你	458333
我要是 你	100000
我要是 有	80000
我要的 是	454545
我要看 你	196721
我要看 脸	131147
我要笑 死	900000
我要给 你	545454
我要跟 你	620689
我见 你	142857
我觉得 我	166925
我觉得 你	142118
我觉得也 是	681818
我觉得你 可以	59071
我觉得你 应该	46413
我觉得你 是	46413
我觉得你 说	42194
我觉得应该 是	275862
我觉得还 可以	484848
我觉得这 是	411764
我认识 你	306666
我讨厌 你	407407
我让 你	363636
我让 我	166666
我记得 你	219387
我记得 我	153061
我记得 是	56122
我记得 好像	45918
我记得 有	45918
我该 怎么办	220779
我该 怎么	168831
我该 说	168831
我说 的是	151136
我说 你	132954
我说 我	126136
我说的 是	627358
我说的 就是	47169
我说的 是你	37735
我请 你	795698
我请 你吃	354838
我请 你吃饭	96774
我请你 吃	550000
我请你 吃饭	150000
我读书 少	818181
我读书 少你	409090
我读书少 你	750000
我谢谢 你	900000
我超级 喜欢	342857
我跟 你	574750
我跟 你说	146179
我跟 你讲	73089
我跟 我	63122
我跟 他	53156
我跟 你一样	46511
我跟 她	33222
我跟你 说	328358
我跟你 讲	164179
我跟你 一样	104477
我还 以为你	69591
我还 想	53454
我还 没有	41855
我还不 知道	552631
我还以为 你	463087
我还以为 是	174496
我还以为 我	43624
我还以为 你要	36912
我还以为 你去	30201
我还在 想	79439
我还在 床上	60747
我还在 上班	42056
我还在 学校	37383
我还想 说	121951
我还是 喜欢	95334
我还是 觉得	56795
我还是 比较	48681
我还是 爱	30425
我还是比较 喜欢	347826
我还是爱 你	533333
我还有 一个	76923
我还没 看	58419
我还没 去	34364
我还没 去过	34364
我还没 看到	34364
我还没 见	34364
我还爱 你	615384
我还能 说什么	363636
我还要 去	136363
我这 是	158263
我这 不是	40616
我这 有	33613
我这个 是	97402
我这个 人	71428
我这么 爱	96153
我这也 是	500000
我这里 有	148148
我送 你	680851
我那 时候	247058
我那 是	223529
我都 是	79787
我都 不知道	55851
我都 想	50000
我都 要	38829
我都 快	34042
我都不 知道	610465
我都不 认识	52325
我都没 注意	69182
我都没 看到	62893
我都没 见	62893
我都没 看	56603
我长 这么	145454
我问 你	264957
我问 下	102564
我问 一下	85470
我需要 你	141304
我马上 要	158536
我马上 就要	109756
或者 选择	100
或者 明天	90
或者 下午	80
或者 直接	70
或许 是	117370
或许 你	93896
或许 我	70422
或许 有	56338
或许 会	51643
或许 这	37558
房子 是	36000
房间 里	154929
所 爱	111650
所 做	48543
所 想	38834
所以 需要	100
所以 可以	90
所以 今天	80
所以 我们	70
所以你 是	100278
所以你 要	75208
所以我 觉得	40089
所以我 现在	33407
所以才 会	123287
所以说 你	211382
所以说 我	65040
所以这 就是	406250
所以这 就是你	250000
所以这就是 你	727272
所有 东西	43402
手 信	52812
手 好	32146
手机 已经	100
手机 收到	90
手机 打开	80
手机 设置	70
手机没 电	571428
手里 拿	95238
才 是	169023
才 会	48133
才 知道	46862
才 有	45750
才 发现	40031
才会 有	114285
才发现 你	196078
才是 真的	88050
打 你	81357
打 我	65546
打 脸	33926
打 完	30303
打个 电话	500000
打击 我	321428
打击 你	119047
打动 我	333333
打印 出来	300000
打发 时间	609756
打开 文件	100
打开 窗口	90
打开 设置	80
打开 页面	70
打扰 你	168750
打扰 我	118750
打扰 一下	50000
打扰 你们	50000
打电话 给我	75187
打电话 问	55137
打电话 给你	50125
打电话 来	45112
打电话 说	35087
打算 去	140145
打算 买	42335
找 你	172385
找 我	164890
找 不到	92604
找个 时间	139534
找个 男朋友	81395
找到 你	71868
找到 工作	35934
找到 我	33880
找到 一个	32854
找到 自己	32854
承受 不来	175000
承受 不了	100000
承认 我	186170
承认 自己	132978
承认 你	106382
承认 你是	42553
技术 好	97959
技术 越来越好	36734
把 我	167220
把 你	164287
把 自己	50459
把你 自己	48192
把我 说	56737
把持 不住	692307
把持 住	307692
投奔 你	666666
折磨 自己	164705
折磨 人	105882
折磨 死	94117
折腾 你	70312
抛弃 我	258928
抛弃 你	125000
报 到	90140
报价 已经	100
报价 发送	90
报价 确认	80
报价 有效	70
抬举 我	600000
抬起 头	421052
抬起 来	421052
抱住 我	253968
抱住 你	222222
抱歉 我	151515
担心 你	99290
担心 我	63829
担心 自己	31914
拉 黑	266666
拉 仇恨	101041
拉 我	52083
拉 到	38541
拉 黑你	38541
拉 你	31250
拉 出来	31250
拉黑 你	232558
拍照 技术	81896
拍照 的人	40948
拍照 的时候	30172
拍照的 时候	470588
拒绝 我	75187
拒绝 你	71428
拒绝 了我	48872
拒绝 别人	30075
招待 你	229166
招待 我	229166
招惹 我	500000
拜托 你	200000
拥抱 你	218750
拥有 你	54878
拯救 我	156250
拯救 你	125000
拯救 世界	104166
拼音 输入	100
拼音 候选	90
拼音 方案	80
拼音 设置	70
拿 出来	74834
拿 去	69402
拿出 去	234375
拿到 手	80357
拿来 我	98765
指 的是	216494
指 什么	51546
指望 你	185185
指甲 是	87301
指甲 好看	79365
按 你	70110
按 套路出	44280
按 我	33210
按时 吃饭	305555
按时 吃药	222222
按时 睡觉	125000
按时 吃	111111
按照 你	208955
挑战 自己	133333
换位 思考	1000000
据 我	481481
据说 是	102880
据说 有	32921
掌声 送给	500000
掏钱 给他买	413793
接 我	218150
接 你	165794
接 住	31413
接到 电话	163265
接受 不了	140664
接受 你	53708
接受 反驳	53708
接受 别人	35805
接口 设计	100
接口 已经	90
接口 类型	80
接口 参数	70
接地 气	975609
接触 到	130000
控制 不住	300000
控制 住	88461
控制 自己	65384
控制 不住我	57692
控制 不住自己	57692
控制 饮食	57692
控制 不住我自己	34615
控制 体重	34615
推荐 你	78400
推荐 一下	51200
推荐 我	32000
推荐给 你	727272
提 分手	45592
提 上日程	33434
提 的分手	33434
提供 资料	100
提供 样品	90
提供 文件	80
提供 报价	70
提到 我	232558
提前 说	47393
提前 通知	42654
提前 告诉	30805
提升 自己	294117
提醒 我	318352
提醒 你	232209
提醒 一下	82397
提醒 自己	59925
揭穿 我	518518
搭理 你	288135
搭理 我	271186
搭理 他	135593
摄影师 好	87912
摔跤 是	363636
摸摸 大	134146
支持 你	416666
支持 我	55555
支持 他	52083
支配 的恐惧	714285
收下 我	270833
收到 了	100
收到 以后	90
收到 邮件	80
收到 资料	70
收拾 东西	81850
收拾 好	78291
收拾 你	74733
收拾 完	60498
收拾 行李	39145
收留 我	520000
改变 不了	79166
改变 自己	70833
改名 叫	131147
攻击 你	154761
攻击 我	95238
放 我	43331
放下 手机	188235
放在 一起	50847
放在 哪里	50847
放大 看	186046
放开 我	150684
放弃 治疗	78224
放弃 我	40169
放弃 自己	38054
放心 我	35897
放心 你	30769
放松 一下	194915
放松 下	118644
放松 心情	76271
放纵 自己	214285
放过 我	212500
放过 你	200000
故事 的人	100000
故事 你	30000
效果 已经	100
效果 比较	90
效果 不错	80
效果 正常	70
救救 我	842105
教 我	252252
教 你	245045
教室 里	157894
教练 说	91549
教育 孩子	64516
教育 我	64516
散发 魅力	294117
敬业 有	66666
敬业 和富强	43137
敬业 可以	35294
敬业 友善	31372
数 你	48780
数据 已经	100
数据 保存	90
数据 来源	80
数据 完整	70
数量 已经	100
数量 确认	90
数量 可以	80
数量 调整	70
整个 人	294943
整个 世界	44943
整个 人都不好	44943
整理 好	113924
文件 已经	100
文件 保存	90
文件 打开	80
文件 位置	70
文化 人	94240
文化 水平	47120
文字 已经	100
文字 输入	90
文字 内容	80
文字 格式	70
文笔 很好	458823
文艺 青年	197026
文艺 女青年	48327
文艺 小	33457
文艺女 青年	800000
新 衣服	32238
新天 快乐	500000
新婚 快乐	942857
新年 愿望	108527
新疆 人	173228
新的 开始	66326
新闻 说	99337
方式 是	52910
方案 可以	100
方案 已经	90
方案 确认	80
方案 比较	70
方法 可以	100
方法 比较	90
方法 简单	80
方法 如下	70
旁边 有	68306
旁边 那个	65573
旁边 是	35519
旁边 的人	35519
旁边 那	32786
旅游 去	33248
旅行 的意义	44776
旋转 跳跃	400000
无 压力	66532
无 事	34274
无 图	32258
无力 反驳	311111
无图 无真相	846153
无意 中	444444
无敌 好	70422
无敌 好看	63380
无敌 可爱	56338
无比 期待	125000
无法 理解	70460
无法 反驳	51490
无法 呼吸	37940
无法 直视	35230
无线 充电	296296
无聊 死	59479
无视 我	250000
无论 你	102564
无论 什么	94017
无辜 的人	232558
无限 好	148148
无非 就是	666666
既然 你	157088
既然 是	68965
既然 这样	45977
既然 选择	34482
日 系	454545
日子 里	62365
日常 想念	70512
日常 表白	57692
日渐 消瘦	666666
早 知道	76385
早 说	64902
早上 好	100
早上 出发	90
早上 见	80
早上 吃饭	70
早些 休息	100
早些 出发	90
早些 回来	80
早些 安排	70
早就 回来	43841
早就 想	39665
早就 是	33402
早日 找到	207547
早早 睡觉	95238
早晚 会	196261
早晚 要	84112
早晚 果蔬	74766
早晚 温差	74766
早晚 的事	74766
早晨 起来	116279
早点 休息	400267
早点 睡觉	100401
早点 回来	49531
早点 好	37483
早点 回家	36144
早点好 起来	916666
早知道 我	184873
早知道 你	84033
早起 的鸟儿有	66079
早起 上班	39647
早起的 鸟儿有	375000
早起的鸟儿 有	833333
早餐 吃	72164
早饭 吃	90909
时 我	47560
时 你	36585
时候 再说	100
时候 可以	90
时候 需要	80
时候 确认	70
时光 匆匆	64748
时刻 准备	192307
时刻 提醒	96153
时间 安排	100
时间 确定	90
时间 合适	80
时间 到了	70
时间太 快	590909
时间好 快	933333
时间真 快	909090
时间过 得好快	253012
时间过 得真快	120481
时间过 的好快	96385
时间过得 好快	428571
时间过得 真快	204081
时间过的 好快	296296
明 知道	145907
明 你	35587
明人 不说	812500
明人不 说	1000000
明儿 见	111111
明天 见	100
明天 上午	90
明天 下午	80
明天 再说	70
明天不 上班	464285
明天去 看	104166
明天又 是	571428
明天就 去	94202
明天就 好	72463
明天就 可以	65217
明天就 走	65217
明天我 要	134615
明天我 去	96153
明天给 你	590909
明天要 上班	191780
明天要 去	150684
明年 见	65539
明年 我	38054
明早 起来	84615
明明 是	339483
明明 就是	79950
明明是 你	119718
明明是 我	105633
明显 是	84057
明白 你	98360
明白 我	53278
明白 为什么	36885
星星 的你	142857
春天 来	185567
春天 到	61855
春天 在哪里	37800
春天在 哪里	750000
昨天 下午	100
昨天 晚上	90
昨天 收到	80
昨天 已经	70
昨晚 我	60957
昨晚 上	52249
昨晚 梦见	34833
昨晚 看	31930
是 我	51671
是 你	39052
是 什么	34332
是不 可能	173076
是不 一样	105769
是不 存在	86538
是不是 要	45848
是不是 有	34386
是个 好	228187
是个 什么	120805
是个 好东西	53691
是个好 东西	266666
是什么 意思	244514
是什么 东西	62695
是什么 品种	47021
是什么 感觉	40752
是什么 牌子	34482
是你 自己	58165
是你 是你	31319
是你们 自己	314285
是你让 我	1000000
是几个 意思	1000000
是吗 是	177777
是否 有	65476
是否 会	47619
是吧 是	575757
是吧 我	212121
是呢 是	348837
是啊 是	255772
是啊 我	88809
是因为 我	153212
是因为 你	133443
是在 说	79710
是我 是我	45454
是我 想	32727
是我的 最爱	176470
是的 是	188698
是的 我	47426
是真 爱	444444
显得 我	109826
显得 你	80924
晓得 你	178571
晓得 我	96153
晓得 是	32967
晚上 好	100
晚上 见	90
晚上 回家	80
晚上 休息	70
晚间 愉快	500000
晚餐 愉快	358024
晚饭 吃	164062
景色 好	160000
智商 不够	58219
智商 低	54794
智商 高	41095
智商 是	34246
智商 有	34246
暂时 没有	108108
暑假 去	49180
暑假 见	35519
暗示 我	260869
暗示 你	195652
暴露 年龄	99378
暴露 自己	80745
暴露 我	68322
暴露 你	49689
更 美	47186
更 喜欢	39496
更加 努力	66666
更好 看	226377
更好 的人	43307
更好 的自己	41338
更新 版本	100
更新 配置	90
更新 内容	80
更新 完成	70
曾经 有	48442
曾经 我	44982
曾经 是	34602
最 爱	132663
最 喜欢	112555
最 重要	87052
最 可爱	31142
最主要 的是	409090
最主要的 是	900000
最佳 代言人	365079
最后 确认	100
最后 完成	90
最后 检查	80
最后 保存	70
最喜欢 你	117187
最喜欢 吃	93750
最好 是	61425
最好 不要	41769
最好的 爱情	181818
最强 大脑	279069
最爱 你	252252
最爱 吃	90090
最美 没人	40293
最美没 人	1000000
最起码 的尊重	166666
最近 怎么样	100
最近 有空	90
最近 比较	80
最近 需要	70
最近太 忙	692307
最近忙 什么	320000
最近都 是	166666
最重要 的是	437500
最重要 的就是	125000
最重要的 是	528301
最重要的 就是	150943
最高 境界	175257
最高 气温	92783
月份 去	67226
月底 去	116564
有 时间	100
有 问题	90
有 需要	80
有 机会	70
有一天 你	290322
有个 好	84337
有个 会	48192
有个 问题	48192
有些 人	232931
有些 事	92369
有些 东西	50870
有些 事情	46854
有人 说	114307
有人 要	55987
有什么 好	147500
有什么 办法	42500
有什么 区别	42500
有什么 问题	40000
有什么 关系	32500
有什么 可	32500
有什么 好玩	30000
有你 真好	80808
有你 这	70707
有你 这样	55555
有你真 好	941176
有几个 人	312500
有可能 是	258620
有啊 有	268292
有图 有真相	611111
有多 大	115384
有多少 人	355555
有害 健康	923076
有时 会	77419
有时 感觉单身	51612
有时候 会	59730
有时候 我	53949
有时候 真的	30828
有时感觉 单身	888888
有时间 去	118852
有时间 可以	90163
有时间 来	65573
有时间 一定	40983
有时间 我	40983
有时间 可以去	32786
有时间可以 去	444444
有本事 你	500000
有机会 一定	143968
有机会 一起	85603
有机会 去	66147
有机会 一定要	54474
有机会 一定去	50583
有机会 来	46692
有机会 我	35019
有机会 一定要去	31128
有机会一定 要	378378
有机会一定 去	351351
有机会一定 要去	216216
有没有 人	78813
有没有 想	35593
有没有人 说	137931
有点 小	45754
有的 人	197674
有的 时候	155038
有的 有	85271
有的 吃	46511
有的是 机会	270270
有种 想	78787
有种 东西	48484
有空 来	104347
有空 去	64347
有空 我	43478
有空 一起	40000
有空 可以	33043
有空来 找	300000
有缘 再见	229508
有缘 看到	131147
有趣 的灵魂	197080
有趣 的人	145985
有趣的 灵魂	565217
有钱 真好	71574
有钱真 好	1000000
朋友 们	42612
朋友 说	41505
服务 已经	100
服务 启动	90
服务 状态	80
服务 正常	70
望 着你	76923
期待 你	116193
朦胧 美	290322
未 见	110389
未 到	84415
未必 是	209677
未来 可	59782
未来 是	32608
本 想	63157
本 是	38596
本事 你	272058
本地 文件	100
本地 服务	90
本地 设置	80
本地 处理	70
本来 就是	145074
本来 想	99865
本来 是	66801
本来想 说	162500
本来想 去	100000
本来还 想	620689
本身 就是	163793
机会 去	64449
机会 一定	50935
机会 一起	41580
机会 来	30145
机智 如	261904
机智 如我	142857
机智 如你	111111
机智 的我	95238
机智如 我	517241
机智如 你	482758
机智的 我	625000
机票 钱	63492
条 路	98434
条 裙子	40268
条 裤子	35794
来 找我	32347
来 我	31161
来不 来	774193
来不及 挥手	84905
来了 来	118556
来到 你	146341
来到 我	109756
来到 王者	97560
来吧 来	563636
来吧 我	72727
来啊 来	550000
来啊 互相伤害	100000
来啊互相 伤害	1000000
来回 跑	200000
来得及 看	153846
来我 这	145833
来我 给你	83333
来我 床上	76388
来我 大	55555
来我们 学校	200000
来我家 吃	210526
来我给 你	923076
来打 我	529411
来找 我	856250
来找 你	81250
来接 我	608695
来源 说明	100
来源 已经	90
来源 明确	80
来源 信息	70
来的 我	215686
来的 时候	111111
来给 我	411764
来给 你	323529
来自 一个	107913
来自 星星的你	100719
来自星星 的你	727272
来自星星的 你	800000
来跟 我	521739
杨 老师	163461
杭州 找	36144
极 有	156862
极限 挑战	527777
林子 大	714285
果然 是	256355
果真 是	440000
某个 人	200000
某些 人	397849
某人 说	69930
柜子 里	289473
标点 输入	100
标点 正常	90
标点 提交	80
标点 符号	70
样品 已经	100
样品 寄出	90
样品 确认	80
样品 收到	70
样子 我	39408
根据 你	150684
根据 自己	123287
根本 没有	85227
根本 不是	41666
格子 衬衫	307692
桌子 上	377049
梦想 是	154716
梦想 就是	60377
梦想 还是要有	37735
梦想 的人	30188
梦想还是 要有	1000000
梦想还是要 有	1000000
梦见 你	309859
梦见 我	136150
梦见 自己	65727
梦见 谁	37558
检查 一下	100
检查 结果	90
检查 配置	80
检查 文件	70
椅子 上	394736
楼道 里	476190
模仿 我	166666
欢乐 喜剧人	91954
欢迎 你	346575
欢迎 来	142465
欢迎 回来	57534
欢迎 回家	41095
欢迎你 来	285714
欢迎再 来	916666
欣赏 你	157068
欣赏 不来	62827
欺负 我	257142
欺负 你	197402
欺负 人	85714
欺骗 我	253968
欺骗 自己	238095
歌声 里	205128
正 能量	326777
正 脸	125567
正 准备	71104
正 想	49924
正在 处理	100
正在 准备	90
正在 检查	80
正在 输入	70
正好 我	93385
正好 可以	35019
正好 是	31128
正好 赶上	31128
正常 输入	100
正常 使用	90
正常 提交	80
正常 显示	70
正是 我	258620
正确 答案	136842
此刻 我	209302
步入 老年	281250
武林 外传	777777
死 我	156701
死 你	76592
段子 手	453781
每 一个	178631
每 一次	70116
每 到	40066
每 一个人	31719
每个 人	568542
每个 人都有	115440
每个人 都有	226600
每个人 都有自己	108374
每个人 都是	64039
每个人 都会	49261
每个人 有	39408
每个人都 有	400000
每个人都 有自己	191304
每个人都 是	113043
每个人都 会	86956
每天 都是	49804
每天 都要	33016
每天都 是	140845
每天都 要	98591
每天都 有	91549
每天都 开心	31690
每年 都会	64705
每年 都是	64705
每年 都有	58823
每年都 是	228571
每次 都是	67977
每次 看	50778
每次 看到	49140
每次 我	42588
每次 去	40131
每次看 你	525000
每次看到 你	378378
每次都 是	257861
每次都 要	106918
每逢 佳节	684210
比 我	219303
比 你	178926
比你 好看	125925
比你 大	74074
比如 我	288557
比如 你	104477
比我 高	75949
比我 大	50632
比赛 加油	43103
比赛 是	38793
比较 方便	100
比较 简单	90
比较 稳定	80
比较 合适	70
毕业 快乐	101265
毕业 后	41139
毕竟 我	130102
毕竟 是	130102
毕竟 你	68877
毕竟我 是	239436
毕竟都 是	850000
毛钱 关系	458333
毫无 压力	207317
气 人	77380
气 我	57539
气死 你	91743
气的 我	400000
水 里	80916
水 是	30534
水果 吃	64327
永远 是	105017
永远 年轻	71178
永远 不会	47841
永远 爱你	44340
永远 支持你	43173
永远 幸福	42007
永远支持 你	894736
永远爱 你	857142
江苏 卫视	227848
没 人	49524
没买 到	391304
没事 我	50711
没事 做	39145
没事 就好	35587
没事就 好	594594
没事的 时候	321428
没人 要	112840
没人 知道	38910
没人 能	38910
没人 爱	35019
没人 反对	31128
没什么 好	81330
没什么 事	48059
没什么 感觉	35120
没关系 你	106918
没关系 我	69182
没办法 我	65693
没吃 到	241379
没吃 完	137931
没喜欢 的人	800000
没喜欢的 人	888888
没得 事	90909
没得 问题	90909
没想 好	354838
没想到 你	210300
没想到 这么	68669
没想到 我	51502
没想到 是	42918
没想到 今天	34334
没收 到	771929
没时间 去	257142
没有 问题	100
没有 关系	90
没有 收到	80
没有 找到	70
没有什么 是	185185
没有什么 事	148148
没有啊 我	162162
没有喜欢 的人	1000000
没有喜欢的 人	1000000
没有宣传 团队	1000000
没有的 事	777777
没法 接	54852
没法 看	54852
没用 完	49261
没用 我	39408
没看 出来	369047
没看 我	107142
没看到 你	200000
没看到 我	150000
没看见 你	270833
没看见 我	187500
没见 你	152173
没见 过你	86956
没见过 你	226415
没说 你	281250
没那么 夸张	119402
治愈 系	200000
注定 是	93023
注意 身体	300687
注意 休息	91065
注意 到	81615
注意 你	30068
洗漱 完	275862
洗澡 去	46296
洗澡 的时候	46296
活着 回来	63636
活着 就是	40909
活该 你	307692
派 来	188679
测试 已经	100
测试 完成	90
测试 结果	80
测试 通过	70
浑身 难受	204081
浙江 卫视	300000
浪费 我	88737
浪费 钱	61433
浪费 生命	40955
消息 已经	100
消息 收到	90
消息 通知	80
消息 记录	70
消灭 你	270270
深 大	55276
深圳 找	33519
深夜 食堂	115384
深夜 发	69230
清明 去	81632
清楚 我	36496
清醒 一点	163461
温差 大	428571
温暖 你	60185
温柔 对待	46218
温柔 以待	42016
温柔 一点	33613
游戏 里	46448
游戏 是	38251
游泳 去	50632
湖 人	228915
湖 大	108433
溢出 来	750000
满满 都是	177777
满满的 都是	103092
满眼 都是	615384
满足 你	225641
满足 我	66666
演员 的诞生	80536
演唱会 门票	36144
演唱会 你	32128
演唱会 我	32128
漫画 里	107142
激动 死	50505
火车 上	340909
火车 去	36363
火锅 吃	40723
炫耀 一下	153846
点给 我	562500
热 死	115456
然后 再	100
然后 我们	90
然后 可以	80
然后 检查	70
然后再 去	160000
然后就 没有	68702
然后我 说	51948
然而 我	297921
然而 你	101616
然而 并没有	71593
然而 现在	32332
然而并 没有	604166
照片 里	43843
照片 是	35447
照顾 好自己	406779
照顾 自己	222033
照顾 你	40677
照顾 我	35593
照顾好 自己	933333
熟悉 的面孔	49723
熬夜 不好	35608
熬夜 看	35608
爱 你	292111
爱 我	96297
爱 吃	57368
爱 上	42441
爱一个 人	1000000
爱不 起	615384
爱你 爱你	233812
爱你 我	43165
爱你 的人	43165
爱你的 人	250000
爱国 富强	121212
爱国 可以	54545
爱情 是	64935
爱情 不是	31168
爱惜 自己	370370
爱我 你	142857
爱死 你	500000
爱而 不得	1000000
版本 已经	100
版本 更新	90
版本 发布	80
版本 信息	70
牙齿 好	76190
物流 已经	100
物流 安排	90
物流 信息	80
物流 状态	70
特别 注意	100
特别 适合	90
特别 需要	80
特别 感谢	70
特意 去	109756
特殊 情况	157303
特殊 时期	101123
牺牲 自己	191489
状态 已经	100
状态 正常	90
状态 显示	80
状态 更新	70
犹豫 要不要	142857
王 总	65637
王 是	42471
王者 农药	71770
玩儿 去	57692
环境 好	94527
环境 下	59701
环境 不错	44776
现在 可以	100
现在 开始	90
现在 需要	80
现在 已经	70
现在不 知道	160000
现在也 是	191011
现在在 哪	128205
现在在 哪里	76923
现在在 吃	41025
现在就 想	98039
现在就 去	88235
现在才 看到	203125
现在才 知道	140625
现在的 你	85427
现在的 我	85427
现在的 人	55276
现在还 没有	66037
现在还 能	42452
现在都 是	136363
现在都 不敢	60606
现场 买	36496
现场 看	36496
现实 中	164062
现实 是	39062
现实 就是	35156
玻璃 上	169811
珍惜 你	71625
珍惜 现在	66115
珍惜 我	55096
珍惜 眼前	46831
珍惜 当下	35812
珍惜 自己	33057
珍惜 身边	33057
珍爱 生命	594594
珍贵 的回忆	661290
班长 你	103896
理想 是	96491
理由 是	61224
理解 你	123134
理解 我	54104
理解 不了	48507
理论 上	300000
瑟瑟 发抖	954545
甚 是	452631
甚 是想念	221052
甚 好	210526
甚是 想念	642857
甚至 会	175572
生 快	220224
生 孩子	78651
生 一个	35955
生 完	31460
生产 已经	100
生产 安排	90
生产 开始	80
生产 完成	70
生命 中	76502
生命 里	54644
生命 在于运动	43715
生完 孩子	347826
生快 生快	586956
生日 是	41753
生活 好	34578
生活 中	32503
生而 为人	818181
生而为 人	900000
用 什么	32198
用到 现在	266666
用来 睡觉	86538
用的 什么	162790
用的 是	139534
用的 好	104651
由 心生	119047
由 我	107142
电影院 看	297619
电梯 里	177777
电脑 已经	100
电脑 打开	90
电脑 设置	80
电脑 正常	70
电视 上	165876
电视 看	75829
电视 里	52132
电视 上看到	37914
电视剧 里	80213
电话 联系	100
电话 确认	90
电话 号码	80
电话 会议	70
男人 是	34277
男人都 是	692307
男友 力	172413
男女 主	138888
男女 主角	111111
男孩 女孩	105769
男性 朋友	363636
男朋友 是	37444
画面 太美	136842
界面 已经	100
界面 显示	90
界面 打开	80
界面 设置	70
留下 你	82191
留守 儿童	666666
留意 一下	274509
留意 下	156862
留给 我	281553
留给 你	262135
疯狂 打	157142
疯狂 打电话	95238
疯狂 为你	90476
痛苦 的事	34042
白天 有	31802
百度 一下	174311
百度 下	68807
百度 地图	50458
百度 了一下	45871
百度 百科	45871
的确 是	250000
的确 不错	37500
皮肤 好	111702
皮肤 好好	69148
监督 你	400000
盒子 里	141176
盗墓 笔记	840000
目前 是	65789
目前 没有	46052
目标 是	165289
目的 是	279411
目的 就是	161764
直 发	148648
直到 我	116883
直接 输入	100
直接 使用	90
直接 提交	80
直接 选择	70
直接掏钱 给他买	1000000
直接掏钱给 他买	1000000
直播 吃	48022
直觉 告诉我	613636
直觉告诉 我	1000000
相 中	112149
相互 喜欢	142857
相信 你	249729
相信 我	171891
相信 自己	92972
相信 爱情	44324
相当 有	70175
相当 不错	64327
相当 好	52631
相机 里	58823
相机 好	52287
省 电	34188
眉毛 是	68807
眉毛 好	41284
眉毛 怎么	36697
看 一下	100
看 起来	90
看 到了	80
看 这个	70
看上去 好	89887
看不到 你	168458
看不到 我	154121
看不到 脸	35842
看不起 你	230769
看不起 我	215384
看个 电影	533333
看书 看	57971
看书 去	48309
看书 的人	38647
看了 你	112947
看了 看	38567
看了 下	35812
看你 这么	42253
看你 这	38229
看出 我	200000
看出 你	100000
看到 你	185498
看到 我	62055
看到了 我	131386
看到你 我	50000
看到你 这	45833
看到你 发	33333
看在 你	533333
看好 你	406862
看完 电影	56451
看完 你	44354
看完 我	44354
看就 知道	338983
看得 我	571428
看我 看我	69620
看把 你	652173
看来 你	237113
看来 我	151827
看来 是	79662
看来你 是	147783
看来我 要	123076
看来我 是	69230
看来是 我	142857
看样子 是	210526
看的 我	218045
看的 时候	82706
看看 这个	100
看看 效果	90
看看 情况	80
看看 文件	70
看看能 不能	1000000
看着 你	114828
看着 好	58770
看着 我	50632
看能 不能	1000000
看见 你	250641
看见 我	83832
看起来 好	159036
看起来 不错	57831
看起来 像	48192
看起来 好好吃	43373
看起来好 好吃	333333
看过 你	44897
真 好	188341
真 爱	69882
真 好看	55565
真会 说话	459459
真好 我	112500
真实 的自己	60439
真心 觉得	100166
真心 不错	43405
真心 喜欢	35058
真心 希望	35058
真想 知道	121212
真没 素质	170212
真的 是	165105
真的 好	77393
真的不 知道	171428
真的太 美	108108
真的好 喜欢	64171
真的好 美	58823
真的好 可爱	53475
真的好 想	53475
真的好 辛苦	42780
真的很 好看	104316
真的很 美	57553
真的很 好	46762
真的很 好吃	43165
真的很 像	32374
真的很 喜欢	32374
真的很 想	32374
真的是 这样	57306
真的都 是	400000
真羡慕 你	397959
真羡慕 你们	214285
真羡慕 那些	153061
真羡慕 那些喜欢	102040
真羡慕那些 喜欢	666666
眼光 的人	121621
眼光 好	94594
眼前 人	250000
眼睛 是	45848
眼睛 好	44609
眼睛 里	39653
眼睛 大	38413
眼睛好 大	631578
眼神 好	75892
眼神 不好	66964
眼神 里	44642
眼里 没有	64705
眼里 是	58823
眼里 有	58823
眼里 你	52941
眼里 都是	47058
眼镜 好看	78787
睡眠 质量	230769
睡眠 不好	111111
睡眠 好	68376
睡觉 去	70441
睫毛 好长	120000
睫毛好 长	1000000
瞎说 什么大实话	410958
瞎说什么 大实话	906250
瞎说什么大 实话	1000000
瞬间 觉得	113207
知 我	74380
知 你	66115
知道 了	100
知道 这个	90
知道 怎么	80
知道 原因	70
知道你 是	198019
知道就 好	968750
知道我 是	188405
知道我 是谁	130434
知道我是 谁	818181
短发 好看	73426
短发 好	52447
研究 一下	79470
研究 下	66225
破产 姐妹	272727
确定 你	162849
确定 不是	86513
确定 是	83969
确定 我	48346
确定 要	38167
确实 是	179849
确实 有	38606
确实 不错	32015
确实 好	32015
确实 有点	30131
确认 一下	100
确认 时间	90
确认 方案	80
确认 订单	70
确认过 眼神	1000000
碰到 你	119791
碰到 我	62500
碳酸 饮料	937500
礼物 我	34602
礼物 回来	31141
社会 人	138036
社会 我	49079
社会 上	42944
社长 你	73529
祖国 的花朵	163265
祝愿 你	387096
祝福 你	260956
祝福 我	61752
祝福 你们	41832
祝贺 你	377358
神 你	32967
神 我	31135
祸害 别人	191489
离开 我	102756
离开 你	77694
秋天 来	56338
科普 一下	345454
移动 电源	146341
稀罕 你	302325
稍后 回复	100
稍后 处理	90
稍后 确认	80
稍后 再说	70
稍微 调整	100
稍微 修改	90
稍微 等一下	80
稍微 休息	70
稍等 一下	100
稍等 片刻	90
稍等 我	80
稍等 我们	70
稳住 我们能	266666
稳住我们 能	800000
究竟 是	491228
空格 提交	100
空格 正常	90
空格 输入	80
空格 按键	70
空气 好	174825
空气 不好	69930
空虚 寂寞	371428
空调 开	47619
空间 里	96551
穿 上	52547
穿 什么	33041
穿衣 风格	500000
突然 觉得	107238
突然 发现	78641
突然 想	78641
突然 想到	42895
突然 想起	40214
突然 好	30384
突然发现 你	276595
突然发现 我	170212
突然好 想	652173
突然想 起来	372549
突然觉得 你	229729
突然觉得 我	108108
突然觉得 自己	108108
窗口 已经	100
窗口 打开	90
窗口 显示	80
窗口 关闭	70
站 起来	110799
站 出来	36465
站着 说话	375000
竟然 是	56372
竟然 有	44117
竟然 没有	34313
童年 回忆	160714
童话 里	360000
端午节 快乐	441558
笑 死	276583
笑 死我	135005
笑 出	46594
笑 起来	40023
笑 我	31660
笑出 声	619047
笑死 我	614285
笑笑 不说话	350000
笑而 不语	1000000
笑话 我	166666
符合 你	203703
符合 我	157407
第一 反应	198776
第一 时间	131498
第一 反应是	82568
第一 反应就是	48929
第一 是	48929
第一 感觉	39755
第一 学历	30581
第一个 是	51502
第一件 事	680000
第一件 事就是	360000
第一句 话	516129
第一天 上班	62500
第一次 见	97393
第一次 看到	65843
第一次 去	52126
第一次 看	46639
第一次 听说	39780
第一次 吃	32921
第一次 来	31550
第二天 早上	77777
笼子 里	361111
等到 你	217081
等到 我	49822
等到 现在	39145
等到 起	32028
等待 你	71005
等待 下	47337
等待 我	47337
答应 我	204545
答应 你	189393
答案 是	69565
答辩 完	177419
简单 粗暴	49586
简直 是	172470
简直 就是	87893
简直 不能	46434
简直 要	34825
算了 我	196261
管 你	162895
管 我	117647
管 他	90497
管 它	31674
箱子 里	128571
粽子 吃	144736
精神 上	82251
精神 好	38961
精神 头	34632
精致 女孩	76190
系 你	65476
系 好	35714
系 我	32738
系统 设置	100
系统 版本	90
系统 已经	80
系统 正常	70
素质 的人	65656
素质 低	50505
素质 高	45454
累死 我	145077
累死 你	41450
红海 行动	777777
红糖 水	388888
约 我	109733
约 你	91754
约 起来	88654
约 起	39677
约个 时间	666666
约会 去	134920
纪念 一下	200000
组团 去	326923
组织 去	55900
终于 可以	64690
终于 等到	57502
终于 有	49415
终于 找到	46720
终于 要	44025
终于 知道	33243
终于 看到	32345
终于 等到你	32345
终于找到 你	314285
终于知道 你	615384
终于等到 你	638297
终究 是	317073
经历 了什么	118497
经常 去	64986
经常 会	58355
经常 吃	31830
经济 条件	103896
经验 告诉	72727
结局 是	158333
结束 后	44270
结果 已经	100
结果 出来	90
结果 显示	80
结果 正常	70
给 你	359195
给 我	302183
给了 我	277777
给你 一个	77997
给你 看	68684
给你 吃	50058
给你 买	40745
给你小心 心	1000000
给您 带来	407407
给我 来	68613
给我 带	48175
给我 一个	43795
给我 吃	40875
给我 买	36496
给我 看看	32116
绝不 姑息	186046
绝对 是	176363
绝对 不会	54545
绝对 没有	52727
绝对 不是	49090
继承 我	500000
继续 输入	100
继续 处理	90
继续 检查	80
继续 使用	70
绿色 的是	55172
缝纫机 乐队	421052
缺点 就是	216216
网上 买	167630
网上 看	78034
网上 有	63583
网上 说	46242
网上 看到	34682
网友 说	96385
网络 连接	100
网络 已经	90
网络 正常	80
网络 状态	70
美 人	77422
美 图	42772
美 白	38982
美 到	30319
美丽 的姑娘	34300
美丽 的意外	31662
美丽的 姑娘	123076
美好 人生	47377
美好 的回忆	30456
美术 生	414634
美的 人	86776
美的 眼睛	53719
美的 地方	45454
美的 我	33057
美食 的诱惑	59171
美食 节目	59171
美食 不可辜负	53254
羡慕 你	197105
羡慕 嫉妒	157822
羡慕 你们	65472
羡慕 我	46175
羡慕你 有	90909
群众 的眼睛是	203703
老 是	103346
老 司机	60039
老乡 好	108108
老了 老	246153
老公 我	35580
老公 是	31835
老司机 带	431372
老哥 你	200000
老大 你	53398
老婆 你	42553
老婆 我	34574
老实 说	173913
老实 交代	163043
老家 是	80357
老师 你	35286
老师 说	32623
老年 生活	296296
老板 说	72941
老板 是	35294
老爷 们	320000
老爸 老妈	142857
考研 加油	59090
考虑 下	77951
考虑 要不要	48997
考虑 到	44543
考试 加油	35650
考试 顺利	30303
考验 你	140625
而 不是	154845
而 我	122877
而 你	40959
而 不语	33966
而且 可以	100
而且 还有	90
而且 需要	80
而且 比较	70
而且我 觉得	97014
而且这种 感觉太强烈	625000
而且这种感觉 太强烈	1000000
而力 不足	1000000
而是 你	121212
而是 他	54545
耐心 等待	237623
耗时 比较	100
耗时 很短	90
耗时 正常	80
耗时 记录	70
耳朵 是	65359
耳朵 上	52287
耳机 听	68376
耽误 你	161764
职业 是	131578
联想 已经	100
联想 关闭	90
联想 设置	80
联想 候选	70
联系 一下	100
联系 客户	90
联系 我们	80
联系 对方	70
聪明 的人	48888
肚子 里	145299
肚子 上	113960
肚子 好	68376
肠胃 不好	250000
肤浅 的人	285714
肯定 是	172448
肯定 会	75000
肯定 有	43367
肯定 要	41326
肯定是 你	151515
肯定是 我	90909
胃口 好	187500
胆子 大	250000
胆子 小	131578
胆子 好	105263
胖子 是	42194
胖子 你	33755
胳膊 上	134146
能 不能	96663
能 吃	40731
能不能 给我	50359
能不能 别	39568
能不能 有点	39568
能不能 说	32374
能不能给 我	636363
能力 有限	102803
能力 强	56074
能吃 是	144578
能否 给我	145161
能否给 我	818181
能告诉 我	914285
能告诉 我怎么	285714
能告诉我 怎么	357142
能和 你	444444
能带 我	264705
能看 出来	321428
能给 我	477272
能让 我	321428
能送 我	687500
能量 满满	53892
能问 一下	533333
脑子 有	93103
脑子 是个好	68965
脑子 不好	44827
脑子 进水	34482
脑子是 个好东西	947368
脑子是个 好东西	1000000
脑海 里	866666
脑袋 里	107142
脑袋 上	89285
脖子 上	282352
脖子 以下	58823
脸 大	76489
脸 好	36363
脸 是	31347
脸 小	30721
脸上 有	83333
脸上 长	53921
脸上 贴金	39215
脾气 不好	108527
臣妾 做不到	521739
臣妾做 不到	909090
自 黑	276595
自 认为	74468
自 会	47872
自 媒体	47872
自从 我	128378
自动 回复	104347
自己 处理	100
自己 选择	90
自己 检查	80
自己 决定	70
自己一个 人	931034
自己开心 就好	380952
自己开心就 好	888888
自己给 自己	1000000
自我 反省	69230
自然 会	80645
自然 是	44354
自然 好	32258
自然 就会	32258
至 本	170212
至少 我	114803
至少 有	51359
至少 你	39274
至少 是	39274
至少 可以	36253
至少 要	33232
致敬 经典	520000
舍不得 我	57291
舍不得 花	57291
舍得 我	76923
舞台 上	337662
舞台 王者	103896
良心 不会	205357
艺术 生	129032
节目 里	71917
花 开	67114
花丛 中	1000000
花了 多少	250000
花鸟 市场	666666
若 是	140000
若 安好	106666
若 只如初见	80000
英语 不好	43650
英语 好	35714
英雄 联盟	105263
苹果 手机	73800
范围 已经	100
范围 确认	90
范围 如下	80
范围 明确	70
荒野 行动	473684
莫名 想	56338
莫名 觉得	56338
莫非 你	448275
莫非 是	224137
落地 成	186046
虽 好	186046
虽然 我	242362
虽然 是	43788
虽然 你	36659
虽然不 知道	538461
虽然我 知道	55555
虽然我 是	44444
蚂蚁 花	440000
蚂蚁 森林	160000
蛋糕 吃	68181
蛋糕 好	36363
行 其他	34946
行动 起来	127659
衣服 是	32370
衣服 好看	30621
补偿 我	235294
补偿 你	215686
表情 是	75075
表情 好	66066
表扬 你	187500
表扬 我	156250
表扬 一下	125000
表格 已经	100
表格 保存	90
表格 打开	80
表格 内容	70
表现 出	72847
表白 我	72319
表白 你	44887
表示 我	60317
表示 不服	34920
表达 什么	157024
表达 我	119834
表达 的意思	45454
表达 自己	45454
表达 一下	33057
表面 上	150000
袋子 里	210526
被 你	179159
被 我	75191
被 人	58714
被 你发现	57321
被你 发现	584558
被你 看出来	55147
被你 说	55147
被你看 出来	937500
被子 里	117647
被我 发现	163265
被窝 里	524390
装修 好	96000
裙子 好看	60606
裙子 好	50505
裙子 是	47138
裤子 是	67796
裤子 我	30508
西 大	104575
要 去	65006
要 不要	45570
要不 你	214953
要不 我	175233
要不 我们	37383
要不 你来	32710
要不你 来	170731
要不是 我	178082
要不然 我	113475
要不然 你	85106
要不要 这么	136597
要不要 我	110824
要不要 来	87628
要不要 一起	61855
要不要 去	36082
要不要 给你	36082
要不要给 你	777777
要么 就是	88235
要么 是	82352
要去 哪里	88000
要去 哪	72000
要去 看	64000
要多 吃	148148
要好好 休息	169811
要好好 照顾自己	150943
要好好照顾 自己	727272
要对 自己	625000
要得 要	600000
要是 我	61068
要是 有	52480
要是 能	51526
要是 你	35305
要求 已经	100
要求 确认	90
要求 如下	80
要求 明确	70
要注意 身体	510204
要点 脸	482758
要照顾 好自己	875000
要照顾好 自己	933333
要的 就是	279569
要的 要	279569
要约 我	171875
要给 你	394736
要给 我	289473
要说 什么	105263
要说 我	60150
要请 我	555555
见 你	151690
见 我	63066
见 过你	37098
见 不到	35037
见到 你	354901
见到 我	80392
见到 他	58823
见见 你	317073
见过 你	126984
见面 我	36437
规格 已经	100
规格 确认	90
规格 如下	80
规格 一致	70
觉得 可以	100
觉得 合适	90
觉得 不错	80
觉得 需要	70
觉着 你	145454
觉醒 来	537037
角度 问题	301724
角度 不同	47413
解决 一下	36363
解释 下	86206
解释 我	38793
警察 叔叔	271523
计划 已经	100
计划 开始	90
计划 安排	80
计划 调整	70
订单 已经	100
订单 确认	90
订单 安排	80
订单 数量	70
认为 你	89743
认为 我	70512
认为 是	67307
认为 这	35256
认出 你	362068
认出 我	293103
认同 你	333333
认得 我	203389
认得 你	169491
认清 自己	344827
认真 看	56994
认识 你	212662
认识 我	89285
认识 的人	36525
认错 人	484848
讨厌 你	174377
讨厌 我	64056
讨厌 她	32028
讨论 一下	100
讨论 方案	90
讨论 问题	80
讨论 结果	70
让 我	321622
让 你	211879
让 人	81492
让 他	47989
让 我们	40927
让 自己	37486
让你 吃	37037
让我 来	97777
让我 想起	46666
让我 去	31111
让我们 一起	182926
让给 你	459459
记住 你	166666
记住 我	93137
记录 已经	100
记录 保存	90
记录 完整	80
记录 更新	70
记得 我	104226
记得 你	89171
记得 带	35900
记得给 我	833333
记忆 中	147368
记性 真好	145161
记性 不好	129032
讲 我	48872
讲 个笑话	32581
讲个 笑话	727272
讲真 我	285714
许可 说明	100
许可 已经	90
许可 明确	80
许可 文件	70
论文 写	80645
讽刺 我	314285
设置 完成	100
设置 好了	90
设置 选项	80
设置 页面	70
证明 你	186363
证明 我	104545
诅咒 你	265625
试试 我	54054
试试 就知道	34749
试试 去	30888
试试 能	30888
话 说	429756
话 说你	85536
话 说我	57024
话 我	32659
话说 你	267790
话说 我	185393
话说你 是	63492
该 怎么	73484
该 怎么办	52272
该 说	46212
该 吃	31818
该 有	30303
语文 老师	292035
误会 我	120000
诱惑 我	356060
诱惑 你	68181
诱惑 到	60606
说 一下	100
说 清楚	90
说 了	80
说 什么	70
说不定 你	82706
说不定 我	71428
说不定 是	37593
说不定 有	33834
说不定 能	33834
说不定 还能	30075
说了 多少	170542
说了 你	108527
说了 我	77519
说了 是	62015
说人 话	904761
说你 是	75630
说出 你的故事	206896
说出 了我	137931
说出了 我的心声	482758
说出了我 的心声	1000000
说出你 的故事	852941
说出你的 故事	906250
说出来 让	200000
说多 了都是	723404
说多了 都是	871794
说好 说	52505
说好 的减肥	42959
说好的 减肥	121621
说好的 一起	54054
说完 我	235294
说实话 我	217391
说实话 你	94202
说得 好像	186991
说得 我	170731
说得 好像你	73170
说得 真好	65040
说得好像 你	428571
说得真 好	888888
说明 一下	100
说明 原因	90
说明 情况	80
说明 文件	70
说来 就来	151898
说白了 就是	478260
说的 好	130882
说的 是	105882
说的 好像	79411
说的 我	64705
说的 就是	39705
说的 也是	30882
说的也 是	777777
说的好 有道理	344827
说的好像 你	339622
说的就是 你	640000
说的是 你	160000
说的有 道理	823529
说的真 好	684210
说的跟 真的	600000
说真的 我	220000
请 你	250231
请 我	194933
请 你吃	82174
请 我吃饭	68890
请 我吃	50973
请 吃饭	41087
请 你吃饭	33673
请 不要	33364
请一定 要	818181
请你 吃	334572
请你 吃饭	100371
请你 不要	33457
请你 做	33457
请假 去	81481
请叫 我	880597
请告诉 我	933333
请带上 我	1000000
请开始 你的表演	800000
请开始你 的表演	800000
请我 吃饭	422413
请我 吃	267241
请教 一下	243589
请教 你	205128
请教 下	115384
请注意 你	444444
请给 我	800000
请问 你	225280
请问 你是	64220
请问 一下	54026
请问 是	46890
请问 下	44852
请问 这	34658
请问你 是	309392
请问您 是	317073
请问这 是	387096
读书 少	132780
读书 的时候	70539
读书 少你	45643
读书 好	33195
谁 说	63862
谁 知道	40293
谁 让	35478
谁 叫	31424
谁不 知道	380952
谁叫 你	626168
谁叫 我	102803
谁告诉 你	575757
谁告诉 我	393939
谁和 我	421052
谁怕 谁	1000000
谁欺负 你	800000
谁知道 你	197674
谁给 你	777777
谁能 告诉我	544303
谁能告诉 我	1000000
谁要 你	173913
谁让 你	680000
谁让 我	120000
谁说 我	133333
谁说 不是	72727
谁说 你	66666
谁跟 你	575757
谁跟 你说	303030
谁跟你 说	625000
谁还 不是	255813
谁都 有	108695
调侃 我	303030
调戏 你	179104
调戏 我	119402
调整 好	241071
调整 一下	107142
调整 心态	71428
调理 好	315789
谈判 官	733333
谢谢 你	100
谢谢 支持	90
谢谢 大家	80
谢谢 帮助	70
谢谢你也 是	470588
谢谢你的 支持	65573
谢谢小 仙女	500000
貌似 是	105932
貌似 你	33898
貌似 我	31779
负责 任	184210
负面 情绪	526315
质疑 我	263157
质量 检查	100
质量 要求	90
质量 可以	80
质量 稳定	70
贫穷 限制	295454
贫穷 限制了我	181818
费用 已经	100
费用 确认	90
费用 包含	80
费用 不含	70
资料 已经	100
资料 准备	90
资料 发送	80
资料 完整	70
资格 说	223404
赚钱 买	48192
赞同 你	250000
赞美 你	211538
走 吧	100
走 了	90
走 过去	80
走 这边	70
走着 走	454545
走过 的路	142857
赶上 我	109890
赶快 去	138554
赶快 来	72289
赶快 回来	54216
赶快 找	48192
赶紧 去	104540
赶紧 回来	51742
赶紧 来	46462
赶紧 找	44350
赶紧 睡觉	41182
赶紧给 我	476190
起 这么早	48818
起好 早	666666
起床 气	45698
起床 吃	34946
起床 去	32258
起得 早	321428
起的 真早	250000
起的 好早	166666
起的好 早	1000000
起的真 早	923076
起码 有	68702
起这么 早	1000000
起那么 早	1000000
趁着 年轻	226415
超市 买	244186
超市 里	75581
超级 喜欢	97079
超级 好看	70244
超级 好	52091
超级 好吃	52091
超级 可爱	48934
超级 期待	40252
超级 想	37095
超级 无敌	37095
超级喜欢 你	282051
超级想 看	400000
超过 你	144927
越 看	64948
越 大	59793
越 想	40206
越 好	37113
越 吃	31958
越努力 越幸运	1000000
越来越 好	200224
越来越 美	74240
越来越 漂亮	39370
越来越 有	34870
越来越 喜欢	33745
越来越 像	32620
越来越 好看	32620
跑 去	92606
跑 到	88872
跑步 去	75949
跑步 是	33755
跑那么 远	875000
距离 产生美	76271
跟 你	294528
跟 我	251747
跟 我说	56587
跟 你说	52156
跟 他	37838
跟不上 时代	178571
跟他 说	423076
跟你 说	174825
跟你 一样	87412
跟你 有	80419
跟你 一起	48951
跟我 说	163194
跟我 一样	159722
跟我 一起	131944
跟我 想	38194
跟着 你	195312
跟着 我	132812
跟着 自己	35156
跟着 一起	31250
跟随 你	375000
路 人	266666
路上 注意	100
路上 有点	90
路上 比较	80
路上 见	70
身 衣服	82758
身为 一个	238095
身体 好	126388
身体 不好	77777
身体是 革命的本钱	750000
身体是革命 的本钱	1000000
身体最 重要	875000
身材 好	177419
身材 真好	61290
身材 真的	32258
身材真 好	933333
身边 的人	115124
身边 有	47404
身边 人	45146
身边的 人	529411
身高 是	60606
转 到	42643
转 专业	31982
转发 量	92485
转发 一下	52023
转移 话题	406779
转移 注意力	169491
软件 是	66666
软件 上	48484
软件 可以	48484
输入 拼音	100
输入 内容	90
输入 正常	80
输入 继续	70
辛苦 你	77751
辛苦了 辛苦	220000
辜负 自己	138461
辜负 你	123076
边 吃	102112
边 看	56338
达 人	455128
达 不到	89743
过几天 再说	100
过几天 出发	90
过几天 确认	80
过几天 回复	70
过分 美丽	68181
过年 好	104516
过年 前	37419
过年的 时候	588235
过来 我	53488
过来 找	32558
过程 中	243478
迎接 你	268656
迎接 我	179104
迎接 新	149253
运动 完	44776
运动 减肥	32835
运气 好	258883
运气 不会	71065
运气 不好	71065
运气 真好	45685
运输 方式	100
运输 已经	90
运输 安排	80
运输 费用	70
近 一点	33132
返回 页面	100
返回 结果	90
返回 上一步	80
返回 首页	70
还 可以	100
还 需要	90
还 没有	80
还 有	70
还不 睡觉	185185
还不 知道	143518
还不 回来	30092
还不是 因为	232323
还不是 你	80808
还不让 人	500000
还以为 你	429487
还以为 是	153846
还会 有	128787
还在 上班	34324
还好 我	129738
还好 你	35383
还好意思 说	625000
还好我 是	74766
还想 吃	100000
还想 去	78571
还想 问	64285
还想 说	57142
还把 我	555555
还是 要	48902
还是 你	32759
还是你 厉害	80882
还是喜欢 你	358974
还是很 有	146341
还是老 样子	900000
还是要 吃	70796
还有 我	38893
还有 什么	31062
还有 一个	30801
还没 到	82901
还没 去	34196
还没 开始	34196
还没想 好	1000000
还没收 到	1000000
还没有 到	60000
还真 有	230158
还真的 是	500000
还给 我	340579
还给 你	188405
还给 人家	57971
还能 不能	132203
还能 有	50847
还能 不能愉快	44067
还能 不能好好	33898
还能不能 愉快	342105
还能不能 好好	263157
还要 去	62787
还要 继续	30627
还让 不让	400000
还让 我	300000
还记得 我	294736
还记得 你	94736
还说 我	203883
还跟 我	800000
还问 我	750000
这 是	226680
这一下 很开心	296296
这一下很 开心	888888
这不 科学	113636
这不 就是	90909
这不 叫	60606
这不是 我	100386
这不是 你	77220
这不是 重点	46332
这不是 一个	34749
这两个 字	295454
这个 问题	100
这个 方案	90
这个 产品	80
这个 版本	70
这个不 知道	186046
这个世界 上	191489
这个也 是	226415
这个可以 有	839743
这个是 什么	70967
这个是 我	70967
这个真 没有	527777
这个真的 是	275862
这个问题 我	180000
这么 说	63319
这么 好	44906
这么 早	42919
这么 大	38548
这么多 人	364341
这么好看 的人以后	514285
这么好看的 人以后会	692307
这么说 我	254237
这么说 你	135593
这也 是	358381
这也 是我	98265
这也 能	80924
这也 叫	52023
这也是 我	293103
这些 资料	100
这些 问题	90
这些 文件	80
这些 产品	70
这些都 是	461538
这件 事	500000
这件 衣服	136752
这件 事情	64102
这件 大衣	34188
这位 朋友	177215
这位 同学	132911
这你 都知道	272727
这你 都能	109090
这你都 知道	476190
这你都 能	190476
这倒 是	673913
这倒 是真的	173913
这倒是 真的	470588
这儿 有	99056
这儿 等着你	37735
这几天 一直	41860
这到底 是	833333
这又 是	484848
这哪 是	733333
这回 是	148148
这大 晚上	296296
这大概 就是	800000
这就 尴尬	69892
这就 去	59139
这就 有点	53763
这就 叫	43010
这就是 我	162162
这就是 你	158783
这就是 为什么	33783
这就是 传说中	30405
这就是传说 中	1000000
这已经 是	421052
这应该 是	684210
这张 照片	222222
这才 是	679245
这明明 是	866666
这是 我	111231
这是 什么	64026
这是 你	43950
这是 一个	32555
这是在 哪	255813
这是我 见	50561
这有 什么	609756
这条 路	220338
这样 说	47269
这样的 人	127272
这次 是	82352
这次 我	52100
这点 钱	75862
这点 我	62068
这点 出息	55172
这真的 是	500000
这种 人	85741
这种 感觉	49614
这种 事	45761
这种 东西	33718
这种 情况	33718
这让 我	814814
这话 说	250814
这话 我	153094
这话 你	42345
这话 我没法接	35830
这话 我爱听	35830
这话 没毛病	35830
这话我 爱听	333333
这话我 没法接	266666
这话我没法 接	1000000
这话我爱 听	1000000
这话没 毛病	1000000
这转发 量	900000
这边 可以	100
这边 已经	90
这边 需要	80
这边 有	70
这还 差不多	222222
这部 电影	515789
这部 电视剧	94736
这都 被你	244755
这都 是	178321
这都 被你发现	167832
这都 能	136363
这都 不是	38461
这都 能看出来	34965
这都 被你看	31468
这都能 看出来	303030
这都被 你	864197
这都被 你发现	592592
这都被 你看出来	98765
这都被 发现	98765
这里 可以	100
这里 有	90
这里 需要	80
这里 比较	70
进去 看	56666
进行 中	112359
进行 时	101123
连 我	68181
连 自己	38277
连 你	32296
迟早 要	278688
迟早 的事	131147
迫不及待 想	281250
追求 完美	81300
追求 你	73170
追求 自己	73170
送 你	252817
送 我	198432
送 你上去	49975
送你 上去	447115
送你 一个	52884
送我 上去	307692
送我 一个	76923
送给 你	423529
送给 我	172549
送给 大家	86274
送给 社会人	31372
适合 你	211994
适合 我	99023
选择 这个	100
选择 方案	90
选择 候选	80
选择 文件	70
递给 我	450000
通知 我	210280
通知 你	149532
通知 一声	42056
通知 我们	37383
逛街 买	84905
逛街 去	84905
逝去 的青春	521739
速度 比较	100
速度 很快	90
速度 正常	80
速度 稳定	70
造谣 可耻	191489
遇到 你	63802
遇到 一个	49479
遇见 你	229102
遇见 了你	46439
遇见 一个	34055
遇见 你们	30959
遇见 我	30959
道德 底线	177777
道理 我	76923
道理 的样子	43956
道路 上	487179
遗憾 的是	74074
邀请 我	387096
邀请 你	266129
邀请 你来	88709
邀请 我去	88709
那 你	173650
那 是	107603
那 我	103598
那一定 是	458333
那不 叫	101010
那不 就是	90909
那个 地方	100
那个 时间	90
那个 文件	80
那个 方案	70
那个时候 你	156862
那么 好	47818
那么 大	47353
那么 早	35283
那么多 人	243902
那么问题 来	928571
那也 是	295384
那也 要	52307
那也 不错	40000
那也 不是	30769
那也 不能	30769
那也是 你	157894
那些 事情	100
那些 记录	90
那些 内容	80
那些 产品	70
那什么 时候	400000
那你 是	43866
那你也 要	138461
那你也 是	123076
那你什么 时候	900000
那你倒 是	1000000
那你在 哪	400000
那你快 回来	243902
那你快 来	219512
那你快 去	195121
那你给 我	680000
那你要 不要	130434
那你还 说	120370
那倒 是	448275
那倒 没有	172413
那倒 也是	103448
那倒也 是	1000000
那到底 是	615384
那叫 一个	282051
那可能 是	416666
那多 好	244444
那天 我	116190
那就 去	39639
那就是 你	151685
那就是 我	78651
那年 花开	157142
那应该 是	316666
那很 好	611111
那我 去	37983
那我 要	37292
那我也 要	184873
那我也 是	84033
那我也 去	75630
那我们 一起	105769
那我就 放心	211920
那我就 不知道	72847
那我等 你	480000
那我给 你	909090
那我要 去	170212
那才 是	541666
那时 我	122448
那时候 我	112582
那是 你	112983
那是 必须	87215
那是 我	79286
那是 什么	51536
那是 当然	31714
那是不 可能	800000
那是因为 你	325581
那是因为 我	162790
那有 什么	291666
那样 的人	35294
那没 办法	464285
那真的 是	695652
那种 感觉	86153
那种 人	46153
那等 你	465116
那等 我	232558
那给 你	444444
那给 我	444444
那肯定 是	347222
那要 看	180327
那要 不要	65573
那说明 你	500000
那边 可以	100
那边 已经	90
那边 需要	80
那边 有	70
那还 能	77419
那还 不是	51612
那还是 算了	108433
那还有 什么	444444
那都 是	527777
那里 可以	100
那里 有	90
那里 比较	80
那里 可能	70
邮件 已经	100
邮件 收到	90
邮件 回复	80
邮件 附件	70
都 可以	100
都 已经	90
都 需要	80
都 有	70
都不 知道	248407
都不 容易	40339
都不 可能	38216
都不理 我	666666
都不知道 怎么	139534
都不给 我	500000
都会 有	158940
都会 好	105960
都会 过去	79470
都会 好起来	59602
都会好 起来	642857
都准备 好	1000000
都很 美	94736
都想 吃	355555
都找 不到	826086
都找 不到和我	478260
都找不到 和我互相	687500
都把 我	533333
都是 我	64869
都是 你	48862
都是 这样	33698
都是我 喜欢	142857
都有 什么	43956
都比 你	428571
都比 我	380952
都没 人	88642
都没 吃	38781
都没 看到	38781
都没 见	33240
都看 完	242424
都给 你	535211
都给 我	253521
都要 好好	56994
都说 我	193333
都说 是	86666
都这么 说	230769
都这么 大	123076
鄙视 你	409090
鄙视 我	128787
配合 你	237500
配合 我	112500
配置 已经	100
配置 备份	90
配置 保存	80
配置 更新	70
酒店 住	40723
采访 你	129032
里 有	66102
里都 是	409090
里面 有	113801
重 口味	212121
重 来	88578
重 发	48951
重 做	32634
重新 输入	100
重新 设置	90
重新 打开	80
重新 检查	70
重点 是	398601
重点 是我	69930
重点 不是	48951
重点 是你	45454
重点是 我	202898
重要 的是	183928
重要 的事情	32142
重要 是	30357
重要的 是	600000
量 让	81818
金 链子	70422
鉴定 完毕	737704
针对 你	137931
针对 我	137931
钱的 问题	380952
镜头 里	76923
镜头 下	55944
镜子 里	255555
镜子 里的自己	88888
长 高	33076
长发 飘飘	69767
长发 短发	46511
长发 好看	41860
长大 后	57301
长得 好看	130000
长得 像	85000
长得 好	55000
长得 漂亮	50000
长得 美	45000
长春 上学	107142
长这么 大	629629
长长 久久	169230
门口 等	100
门口 见	90
门口 有	80
门口 停	70
门票 多少	98901
问 你	165438
问 我	147015
问 一下	105747
问 下	69270
问问 你	178694
问问 我	103092
问问 她	58419
问问 他	44673
问题 已经	100
问题 解决	90
问题 是	80
问题 比较	70
问题不 大	923076
问题是 我	240963
问题是 你	120481
闲着 也是闲着	258064
阅读 理解	340659
阅读 量	131868
阳光 下	51383
阳光 好	35573
阳光 真好	35573
阳光 正好	31620
阳台 上	194029
阴影 面积	175438
阻挡 不了	407407
阻止 我	243243
阿姨 好	69977
附件 里面	100
附件 是	90
附件 已经	80
附件 请查收	70
附近 有	100
附近 可以	90
附近 餐厅	80
附近 停车	70
陈述 事实	615384
限制 了我	161764
院子 里	368421
除了 你	47231
除了 我	47231
除了 吃	43973
除夕 快乐	473684
除非 你	319444
除非 是	97222
除非 我	55555
陪伴 你	184782
陪伴 是	86956
随便 吃	93625
随便 你	61752
随便 找	43824
随手 举报	258064
随时 可以	105042
随时 都可以	50420
随时 来	42016
随时 都能	33613
随着 时间	310344
隐形 的翅膀	285714
隔壁 宿舍	72072
难 找	32296
难受 死	108391
难得 你	52816
难得 见	35211
难得 有	31690
难得 看到	31690
难怪 你	204545
难怪 我	106060
难过 我	48338
难过 的时候	30211
难道 你	208977
难道 不是	134657
难道 是	102281
难道 我	64017
难道不 应该	317073
难道不是 因为	95238
难道你 要	75630
难道你 不是	50420
难道你 是	42016
难道你 不觉得	33613
难道你不 觉得	347826
难道只有 我	913043
难道只有 我一个	391304
难道只有我 一个	450000
难道就 我	450000
难道是 我	190476
难道是 你	95238
雪地 里	571428
零食 吃	89552
需要 确认	100
需要 检查	90
需要 准备	80
需要 修改	70
需要的 时候	428571
露出 来	491228
霸道 总裁	574074
青年 说	91954
青春 是	30716
静静的 看着	418604
非 要	458823
非 说	35294
非常 感谢	100
非常 方便	90
非常 清楚	80
非常 重要	70
面 吃	47263
面前 你	65359
面前 我	65359
革命 的本钱	303571
革命 尚未成功	285714
革命尚未 成功	923076
鞋子 是	70707
鞋子 好看	55555
韩国 人	131979
韭菜 盒子	183673
音乐 人	54455
音乐 是	39603
页面 已经	100
页面 打开	90
页面 显示	80
页面 内容	70
顺便 说	94017
顺便 问	47008
顺便 看看	42735
顺便 吃	38461
顺便 给我	38461
顺便 带	34188
顺利 通过	86330
顺利 毕业	57553
顺序 已经	100
顺序 确认	90
顺序 正确	80
顺序 调整	70
顿时 觉得	200000
颜色 好	48309
颜色 是	33816
额头 上	148148
风 大	103542
风 里	51771
风 中	43596
风 好大	43596
风 一样	32697
风 太大	32697
风 来	32697
风太 大	1000000
风好 大	888888
风度 不要温度	600000
风景 好	127906
风景 好美	81395
风景好 美	866666
飞机 上	158249
飞行 模式	400000
食堂 吃	64356
饺子 是	74324
饿死 我	144144
首先 检查	100
首先 确认	90
首先 需要	80
首先 准备	70
首先你 要	333333
马 老师	75268
马上 开始	100
马上 处理	90
马上 回来	80
马上 出发	70
马上就 来	151162
马上就 到	127906
驾驭 不了	386363
验证 已经	100
验证 完成	90
验证 结果	80
验证 通过	70
高 数	36474
高三 党	80745
高中 时	44943
高中 时候	41198
高中 是	33707
高中 的时候	33707
高兴 认识你	60606
高兴 你	39393
高原 红	400000
高大 上	894117
高端 大气	227272
高级 黑	170731
高考 加油	125850
高考 完	95238
高跟鞋 是	158730
高速 上	242424
高铁 站	122448
高铁 上	88435
鱼 是	38348
鸟儿 有	571428
麻烦 你	172069
黄 人	95081
黄 老师	45901
黑 我	77195
黑 你	64447
黑人 问号	166666
黑暗 料理	295774
黑色 衣服	31372
默默 关注	53797
默默 看着	31645
鼓励 我	150793
鼓励 你	87301
鼓励 一下	71428
鼻子 好	82417
鼻子 上	71428
