我 想	100
我 可以	90
我 需要	80
我 已经	70
你 可以	100
你 好	90
你 觉得	80
你 需要	70
他 说	100
他 已经	90
他 正在	80
他 可能	70
她 说	100
她 已经	90
她 正在	80
她 也	70
我们 可以	100
我们 一起	90
我们 需要	80
我们 已经	70
你们 可以	100
你们 需要	90
你们 今天	80
你们 一起	70
他们 已经	100
他们 正在	90
他们 可以	80
他们 觉得	70
大家 好	100
大家 一起	90
大家 可以	80
大家 注意	70
自己 处理	100
自己 选择	90
自己 检查	80
自己 决定	70
别人 可能	100
别人 已经	90
别人 也	80
别人 会	70
这个 问题	100
这个 方案	90
这个 产品	80
这个 版本	70
那个 地方	100
那个 时间	90
那个 文件	80
那个 方案	70
这些 资料	100
这些 问题	90
这些 文件	80
这些 产品	70
那些 事情	100
那些 记录	90
那些 内容	80
那些 产品	70
这里 可以	100
这里 有	90
这里 需要	80
这里 比较	70
那里 可以	100
那里 有	90
那里 比较	80
那里 可能	70
什么 时候	100
什么 问题	90
什么 情况	80
什么 地方	70
怎么 处理	100
怎么 设置	90
怎么 安排	80
怎么 修改	70
为什么 需要	100
为什么 没有	90
为什么 不能	80
为什么 这样	70
如果 可以	100
如果 需要	90
如果 没有	80
如果 方便	70
因为 今天	100
因为 这个	90
因为 我们	80
因为 时间	70
所以 需要	100
所以 可以	90
所以 今天	80
所以 我们	70
但是 可以	100
但是 需要	90
但是 现在	80
但是 还有	70
然后 再	100
然后 我们	90
然后 可以	80
然后 检查	70
而且 可以	100
而且 还有	90
而且 需要	80
而且 比较	70
或者 选择	100
或者 明天	90
或者 下午	80
或者 直接	70
同时 检查	100
同时 支持	90
同时 需要	80
同时 提供	70
另外 还有	100
另外 需要	90
另外 可以	80
另外 提供	70
首先 检查	100
首先 确认	90
首先 需要	80
首先 准备	70
其次 考虑	100
其次 检查	90
其次 需要	80
其次 确认	70
最后 确认	100
最后 完成	90
最后 检查	80
最后 保存	70
例如 这个	100
例如 可以	90
例如 产品	80
例如 今天	70
其实 可以	100
其实 已经	90
其实 还有	80
其实 比较	70
可能 需要	100
可能 已经	90
可能 还有	80
可能 可以	70
应该 可以	100
应该 需要	90
应该 先	80
应该 已经	70
必须 确认	100
必须 完成	90
必须 检查	80
必须 保留	70
一定 可以	100
一定 需要	90
一定 要	80
一定 会	70
已经 完成	100
已经 收到	90
已经 确认	80
已经 开始	70
正在 处理	100
正在 准备	90
正在 检查	80
正在 输入	70
还 可以	100
还 需要	90
还 没有	80
还 有	70
也 可以	100
也 需要	90
也 已经	80
也 有	70
就 可以	100
就 开始	90
就 需要	80
就 先	70
只 需要	100
只 有	90
只 保留	80
只 支持	70
先 确认	100
先 检查	90
先 准备	80
先 保存	70
再 确认	100
再 检查	90
再 开始	80
再 处理	70
都 可以	100
都 已经	90
都 需要	80
都 有	70
很 好	100
很 方便	90
很 快	80
很 清楚	70
比较 方便	100
比较 简单	90
比较 稳定	80
比较 合适	70
非常 感谢	100
非常 方便	90
非常 清楚	80
非常 重要	70
特别 注意	100
特别 适合	90
特别 需要	80
特别 感谢	70
有 时间	100
有 问题	90
有 需要	80
有 机会	70
没有 问题	100
没有 关系	90
没有 收到	80
没有 找到	70
可以 先	100
可以 直接	90
可以 继续	80
可以 提供	70
需要 确认	100
需要 检查	90
需要 准备	80
需要 修改	70
希望 可以	100
希望 尽快	90
希望 大家	80
希望 继续	70
想 了解	100
想 确认	90
想 知道	80
想 试试	70
觉得 可以	100
觉得 合适	90
觉得 不错	80
觉得 需要	70
知道 了	100
知道 这个	90
知道 怎么	80
知道 原因	70
看 一下	100
看 起来	90
看 到了	80
看 这个	70
看看 这个	100
看看 效果	90
看看 情况	80
看看 文件	70
说 一下	100
说 清楚	90
说 了	80
说 什么	70
确认 一下	100
确认 时间	90
确认 方案	80
确认 订单	70
检查 一下	100
检查 结果	90
检查 配置	80
检查 文件	70
处理 一下	100
处理 问题	90
处理 订单	80
处理 文件	70
准备 一下	100
准备 材料	90
准备 好了	80
准备 开始	70
修改 一下	100
修改 配置	90
修改 内容	80
修改 方案	70
完成 了	100
完成 以后	90
完成 之后	80
完成 测试	70
开始 吧	100
开始 测试	90
开始 工作	80
开始 输入	70
继续 输入	100
继续 处理	90
继续 检查	80
继续 使用	70
保留 原文	100
保留 设置	90
保留 历史	80
保留 记录	70
保存 文件	100
保存 记录	90
保存 设置	80
保存 结果	70
打开 文件	100
打开 窗口	90
打开 设置	80
打开 页面	70
关闭 窗口	100
关闭 联想	90
关闭 设置	80
关闭 服务	70
选择 这个	100
选择 方案	90
选择 候选	80
选择 文件	70
设置 完成	100
设置 好了	90
设置 选项	80
设置 页面	70
安装 完成	100
安装 步骤	90
安装 说明	80
安装 文件	70
更新 版本	100
更新 配置	90
更新 内容	80
更新 完成	70
恢复 设置	100
恢复 正常	90
恢复 文件	80
恢复 备份	70
返回 页面	100
返回 结果	90
返回 上一步	80
返回 首页	70
取消 选择	100
取消 操作	90
取消 请求	80
取消 任务	70
重新 输入	100
重新 设置	90
重新 打开	80
重新 检查	70
直接 输入	100
直接 使用	90
直接 提交	80
直接 选择	70
正常 输入	100
正常 使用	90
正常 提交	80
正常 显示	70
你好 请问	100
你好 很高兴	90
你好 最近	80
你好 谢谢	70
您好 请问	100
您好 感谢	90
您好 需要	80
您好 这是	70
谢谢 你	100
谢谢 支持	90
谢谢 大家	80
谢谢 帮助	70
感谢 支持	100
感谢 理解	90
感谢 帮助	80
感谢 回复	70
早上 好	100
早上 出发	90
早上 见	80
早上 吃饭	70
晚上 好	100
晚上 见	90
晚上 回家	80
晚上 休息	70
下午 好	100
下午 见	90
下午 开始	80
下午 出发	70
明天 见	100
明天 上午	90
明天 下午	80
明天 再说	70
今天 上午	100
今天 下午	90
今天 晚上	80
今天 开始	70
昨天 下午	100
昨天 晚上	90
昨天 收到	80
昨天 已经	70
后天 上午	100
后天 下午	90
后天 出发	80
后天 再说	70
现在 可以	100
现在 开始	90
现在 需要	80
现在 已经	70
刚才 收到	100
刚才 已经	90
刚才 说过	80
刚才 检查	70
马上 开始	100
马上 处理	90
马上 回来	80
马上 出发	70
稍后 回复	100
稍后 处理	90
稍后 确认	80
稍后 再说	70
以后 可以	100
以后 再说	90
以后 使用	80
以后 继续	70
之前 已经	100
之前 说过	90
之前 确认	80
之前 检查	70
之后 可以	100
之后 继续	90
之后 再说	80
之后 确认	70
早些 休息	100
早些 出发	90
早些 回来	80
早些 安排	70
时间 安排	100
时间 确定	90
时间 合适	80
时间 到了	70
时候 再说	100
时候 可以	90
时候 需要	80
时候 确认	70
周一 上午	100
周一 下午	90
周一 开会	80
周一 开始	70
周二 上午	100
周二 下午	90
周二 开会	80
周二 确认	70
周三 上午	100
周三 下午	90
周三 开会	80
周三 确认	70
周四 上午	100
周四 下午	90
周四 开会	80
周四 确认	70
周五 上午	100
周五 下午	90
周五 开会	80
周五 结束	70
周末 有空	100
周末 一起	90
周末 休息	80
周末 出去	70
上午 开会	100
上午 出发	90
上午 安排	80
上午 确认	70
中午 吃饭	100
中午 休息	90
中午 见	80
中午 回来	70
傍晚 出发	100
傍晚 见	90
傍晚 回来	80
傍晚 散步	70
最近 怎么样	100
最近 有空	90
最近 比较	80
最近 需要	70
过几天 再说	100
过几天 出发	90
过几天 确认	80
过几天 回复	70
稍等 一下	100
稍等 片刻	90
稍等 我	80
稍等 我们	70
稍微 调整	100
稍微 修改	90
稍微 等一下	80
稍微 休息	70
家里 有	100
家里 需要	90
家里 可以	80
家里 比较	70
公司 地址	100
公司 电话	90
公司 产品	80
公司 资料	70
办公室 地址	100
办公室 电话	90
办公室 里面	80
办公室 这边	70
学校 地址	100
学校 门口	90
学校 附近	80
学校 里面	70
路上 注意	100
路上 有点	90
路上 比较	80
路上 见	70
门口 等	100
门口 见	90
门口 有	80
门口 停	70
附近 有	100
附近 可以	90
附近 餐厅	80
附近 停车	70
这边 可以	100
这边 已经	90
这边 需要	80
这边 有	70
那边 可以	100
那边 已经	90
那边 需要	80
那边 有	70
一起 吃饭	100
一起 出发	90
一起 看看	80
一起 讨论	70
吃饭 了吗	100
吃饭 以后	90
吃饭 之前	80
吃饭 去	70
喝 水	100
喝 茶	90
喝 咖啡	80
喝 一点	70
咖啡 很好	100
咖啡 好了	90
咖啡 到了	80
咖啡 可以	70
天气 很好	100
天气 不错	90
天气 怎么样	80
天气 预报	70
下雨 了	100
下雨 以后	90
下雨 之前	80
下雨 注意	70
出门 注意	100
出门 之前	90
出门 以后	80
出门 带伞	70
回家 以后	100
回家 之前	90
回家 了	80
回家 休息	70
到家 了	100
到家 以后	90
到家 告诉我	80
到家 休息	70
休息 一下	100
休息 好了	90
休息 以后	80
休息 时间	70
走 吧	100
走 了	90
走 过去	80
走 这边	70
去 哪里	100
去 看看	90
去 吃饭	80
去 公司	70
回来 了	100
回来 以后	90
回来 之前	80
回来 再说	70
到了 吗	100
到了 以后	90
到了 再说	80
到了 请联系	70
收到 了	100
收到 以后	90
收到 邮件	80
收到 资料	70
发给 我	100
发给 你	90
发给 客户	80
发给 大家	70
发送 邮件	100
发送 文件	90
发送 资料	80
发送 消息	70
回复 一下	100
回复 邮件	90
回复 客户	80
回复 消息	70
联系 一下	100
联系 客户	90
联系 我们	80
联系 对方	70
电话 联系	100
电话 确认	90
电话 号码	80
电话 会议	70
邮件 已经	100
邮件 收到	90
邮件 回复	80
邮件 附件	70
消息 已经	100
消息 收到	90
消息 通知	80
消息 记录	70
文件 已经	100
文件 保存	90
文件 打开	80
文件 位置	70
附件 里面	100
附件 是	90
附件 已经	80
附件 请查收	70
资料 已经	100
资料 准备	90
资料 发送	80
资料 完整	70
内容 已经	100
内容 确认	90
内容 比较	80
内容 完整	70
问题 已经	100
问题 解决	90
问题 是	80
问题 比较	70
结果 已经	100
结果 出来	90
结果 显示	80
结果 正常	70
方法 可以	100
方法 比较	90
方法 简单	80
方法 如下	70
方案 可以	100
方案 已经	90
方案 确认	80
方案 比较	70
计划 已经	100
计划 开始	90
计划 安排	80
计划 调整	70
安排 一下	100
安排 时间	90
安排 会议	80
安排 出发	70
会议 时间	100
会议 已经	90
会议 开始	80
会议 结束	70
讨论 一下	100
讨论 方案	90
讨论 问题	80
讨论 结果	70
说明 一下	100
说明 原因	90
说明 情况	80
说明 文件	70
介绍 一下	100
介绍 产品	90
介绍 方案	80
介绍 功能	70
提供 资料	100
提供 样品	90
提供 文件	80
提供 报价	70
客户 已经	100
客户 需要	90
客户 确认	80
客户 反馈	70
产品 资料	100
产品 规格	90
产品 质量	80
产品 价格	70
样品 已经	100
样品 寄出	90
样品 确认	80
样品 收到	70
订单 已经	100
订单 确认	90
订单 安排	80
订单 数量	70
报价 已经	100
报价 发送	90
报价 确认	80
报价 有效	70
价格 可以	100
价格 已经	90
价格 比较	80
价格 确认	70
数量 已经	100
数量 确认	90
数量 可以	80
数量 调整	70
规格 已经	100
规格 确认	90
规格 如下	80
规格 一致	70
质量 检查	100
质量 要求	90
质量 可以	80
质量 稳定	70
交期 已经	100
交期 确认	90
交期 可以	80
交期 调整	70
生产 已经	100
生产 安排	90
生产 开始	80
生产 完成	70
库存 已经	100
库存 确认	90
库存 足够	80
库存 不足	70
包装 已经	100
包装 确认	90
包装 要求	80
包装 材料	70
运输 方式	100
运输 已经	90
运输 安排	80
运输 费用	70
物流 已经	100
物流 安排	90
物流 信息	80
物流 状态	70
地址 已经	100
地址 确认	90
地址 如下	80
地址 修改	70
费用 已经	100
费用 确认	90
费用 包含	80
费用 不含	70
付款 已经	100
付款 安排	90
付款 方式	80
付款 时间	70
合同 已经	100
合同 确认	90
合同 发送	80
合同 签署	70
发票 已经	100
发票 开具	90
发票 发送	80
发票 信息	70
测试 已经	100
测试 完成	90
测试 结果	80
测试 通过	70
验证 已经	100
验证 完成	90
验证 结果	80
验证 通过	70
审核 已经	100
审核 完成	90
审核 结果	80
审核 通过	70
要求 已经	100
要求 确认	90
要求 如下	80
要求 明确	70
信息 已经	100
信息 确认	90
信息 如下	80
信息 完整	70
记录 已经	100
记录 保存	90
记录 完整	80
记录 更新	70
版本 已经	100
版本 更新	90
版本 发布	80
版本 信息	70
功能 已经	100
功能 完成	90
功能 支持	80
功能 正常	70
界面 已经	100
界面 显示	90
界面 打开	80
界面 设置	70
候选 已经	100
候选 显示	90
候选 数量	80
候选 顺序	70
联想 已经	100
联想 关闭	90
联想 设置	80
联想 候选	70
输入 拼音	100
输入 内容	90
输入 正常	80
输入 继续	70
拼音 输入	100
拼音 候选	90
拼音 方案	80
拼音 设置	70
空格 提交	100
空格 正常	90
空格 输入	80
空格 按键	70
标点 输入	100
标点 正常	90
标点 提交	80
标点 符号	70
开关 已经	100
开关 关闭	90
开关 状态	80
开关 设置	70
本地 文件	100
本地 服务	90
本地 设置	80
本地 处理	70
配置 已经	100
配置 备份	90
配置 保存	80
配置 更新	70
备份 已经	100
备份 完成	90
备份 文件	80
备份 位置	70
历史 记录	100
历史 数据	90
历史 保留	80
历史 查询	70
数据 已经	100
数据 保存	90
数据 来源	80
数据 完整	70
接口 设计	100
接口 已经	90
接口 类型	80
接口 参数	70
服务 已经	100
服务 启动	90
服务 状态	80
服务 正常	70
网络 连接	100
网络 已经	90
网络 正常	80
网络 状态	70
系统 设置	100
系统 版本	90
系统 已经	80
系统 正常	70
电脑 已经	100
电脑 打开	90
电脑 设置	80
电脑 正常	70
手机 已经	100
手机 收到	90
手机 打开	80
手机 设置	70
图片 已经	100
图片 保存	90
图片 发送	80
图片 位置	70
文字 已经	100
文字 输入	90
文字 内容	80
文字 格式	70
表格 已经	100
表格 保存	90
表格 打开	80
表格 内容	70
页面 已经	100
页面 打开	90
页面 显示	80
页面 内容	70
窗口 已经	100
窗口 打开	90
窗口 显示	80
窗口 关闭	70
位置 已经	100
位置 确认	90
位置 如下	80
位置 合适	70
顺序 已经	100
顺序 确认	90
顺序 正确	80
顺序 调整	70
范围 已经	100
范围 确认	90
范围 如下	80
范围 明确	70
状态 已经	100
状态 正常	90
状态 显示	80
状态 更新	70
效果 已经	100
效果 比较	90
效果 不错	80
效果 正常	70
速度 比较	100
速度 很快	90
速度 正常	80
速度 稳定	70
耗时 比较	100
耗时 很短	90
耗时 正常	80
耗时 记录	70
许可 说明	100
许可 已经	90
许可 明确	80
许可 文件	70
来源 说明	100
来源 已经	90
来源 明确	80
来源 信息	70
