谢谢你的 支持	100
谢谢你的 帮助	90
谢谢你的 提醒	80
辛苦你帮忙 核对	100
辛苦你帮忙 整理	90
辛苦你帮忙 确认	80
我刚看到 消息	100
我刚看到 通知	90
我刚看到 邮件	80
我这就 回复	100
我这就 处理	90
我这就 安排	80
这件事我 明白	100
这件事我 清楚	90
这件事我 知道	80
我再跟你 确认	100
我再跟你 核对	90
我再跟你 说明	80
麻烦帮我 核对	100
麻烦帮我 确认	90
麻烦帮我 查一下	80
请你帮忙 整理	100
请你帮忙 查看	90
请你帮忙 处理	80
方便的话 回复	100
方便的话 确认	90
方便的话 联系	80
能否请你 说明	100
能否请你 提供	90
能否请你 检查	80
这边需要 协助	100
这边需要 确认	90
这边需要 资料	80
还要麻烦你 跟进	100
还要麻烦你 提醒	90
还要麻烦你 核实	80
我想确认 时间	100
我想确认 数量	90
我想确认 地址	80
请确认一下 内容	100
请确认一下 要求	90
请确认一下 安排	80
目前收到的 资料	100
目前收到的 信息	90
目前收到的 文件	80
需要核对 数据	100
需要核对 清单	90
需要核对 细节	80
这份资料 完整	100
这份资料 清楚	90
这份资料 准确	80
确认之后再 通知	100
确认之后再 安排	90
确认之后再 处理	80
我们计划 下周	100
我们计划 明天	90
我们计划 月底	80
时间安排在 上午	100
时间安排在 下午	90
时间安排在 周五	80
如果时间 合适	100
如果时间 允许	90
如果时间 确定	80
会议结束后 整理	100
会议结束后 同步	90
会议结束后 确认	80
我明天会 参加	100
我明天会 联系	90
我明天会 跟进	80
下周准备 讨论	100
下周准备 推进	90
下周准备 开始	80
目前进度 正常	100
目前进度 顺利	90
目前进度 落后	80
这项工作 完成	100
这项工作 推进	90
这项工作 暂停	80
我正在 整理	100
我正在 核对	90
我正在 处理	80
还需要 时间	100
还需要 确认	90
还需要 调整	80
我们先把 重点	100
我们先把 问题	90
我们先把 细节	80
下一步准备 安排	100
下一步准备 跟进	90
下一步准备 验证	80
文件已经 更新	100
文件已经 整理	90
文件已经 上传	80
我把资料 发给你	100
我把资料 整理好	90
我把资料 放进去	80
请查看 附件	100
请查看 文档	90
请查看 清单	80
这个版本 更新	100
这个版本 修正	90
这个版本 保留	80
资料里面 包含	100
资料里面 记录	90
资料里面 标注	80
修改完成后 发给你	100
修改完成后 通知	90
修改完成后 确认	80
我们先讨论 方案	100
我们先讨论 细节	90
我们先讨论 预算	80
我个人觉得 可行	100
我个人觉得 合适	90
我个人觉得 不错	80
这个想法 不错	100
这个想法 可行	90
这个想法 有趣	80
可以考虑 调整	100
可以考虑 简化	90
可以考虑 合作	80
我们决定 采用	100
我们决定 保留	90
我们决定 暂缓	80
接下来重点 讨论	100
接下来重点 关注	90
接下来重点 推进	80
这批产品 已经	100
这批产品 需要	90
这批产品 预计	80
发货之前 确认	100
发货之前 检查	90
发货之前 核对	80
预计今天 完成	100
预计今天 发出	90
预计今天 送达	80
数量已经 确认	100
数量已经 核对	90
数量已经 调整	80
包装需要 检查	100
包装需要 加固	90
包装需要 调整	80
到货以后 检查	100
到货以后 确认	90
到货以后 反馈	80
我准备去 公司	100
我准备去 车站	90
我准备去 超市	80
今天出门 带伞	100
今天出门 早点	90
今天出门 注意	80
路上记得 小心	100
路上记得 注意	90
路上记得 慢点	80
到了以后 联系	100
到了以后 休息	90
到了以后 办理	80
办完事情 回家	100
办完事情 回来	90
办完事情 休息	80
回去之前 联系	100
回去之前 确认	90
回去之前 准备	80
晚上想吃 面条	100
晚上想吃 米饭	90
晚上想吃 饺子	80
今天准备做 晚饭	100
今天准备做 早餐	90
今天准备做 家务	80
家里需要 打扫	100
家里需要 整理	90
家里需要 通风	80
休息一下再 继续	100
休息一下再 出门	90
休息一下再 处理	80
周末打算 休息	100
周末打算 做饭	90
周末打算 散步	80
天气比较 凉快	100
天气比较 闷热	90
天气比较 干燥	80
